"Response ID","Time Started","Date Submitted","Status","Legacy Comments","Comments","Language","Referer","SessionID","User Agent","Tags","By checking this box, I confirm that I agree to the above and consent to take part in this study:Please indicate your consent by checking the box below.","Please enter your Prolific ID:","Please enter your unique code:","Please select your gender:","Other (specify):Please select your gender:","Please enter your age (in years):","Task 1: The fault shown in the practice chart is:  ","Task 2: I am confident that my choice is correct:  ","Task 1: The fault shown in the chart is:  ","Task 2: I am confident that my choice is correct:  ","Task 1: The fault shown in the chart is:  ","Task 2: I am confident that my choice is correct:  ","Task 1: The fault shown in the chart is:  ","Task 2: I am confident that my choice is correct:  ","Task 1: The fault shown in the chart is:  ","Task 2: I am confident that my choice is correct:  ","Task 1: Please click on the Don't Know button:  ","Task 2: You do not have to make a confidence choice below:  ","Task 1: The fault shown in the chart is:  ","Task 2: I am confident that my choice is correct:  ","Task 1: The fault shown in the chart is:  ","Task 2: I am confident that my choice is correct:  ","Task 1: The fault shown in the chart is:  ","Task 2: I am confident that my choice is correct:  ","Task 1: The fault shown in the chart is:  ","Task 2: I am confident that my choice is correct:  ","Task 1: The fault shown in the chart is:  ","Task 2: I am confident that my choice is correct:  ","Task 1: The fault shown in the chart is:  ","Task 2: I am confident that my choice is correct:  ","Task 1: The fault shown in the chart is:  ","Task 2: I am confident that my choice is correct:  ","Task 1: The fault shown in the chart is:  ","Task 2: I am confident that my choice is correct:  ","Task 1: The fault shown in the chart is:  ","Task 2: I am confident that my choice is correct:  ","Task 1: Please click on the Don't Know button:  ","Task 2: You do not have to make a confidence choice below:  ","Task 1: The fault shown in the chart is:  ","Task 2: I am confident that my choice is correct:  ","Task 1: The fault shown in the chart is:  ","Task 2: I am confident that my choice is correct:  ","Task 1: The fault shown in the chart is:  ","Task 2: I am confident that my choice is correct:  ","Task 1: The fault shown in the chart is:  ","Task 2: I am confident that my choice is correct:  ","Task 1: The fault shown in the chart is:  ","Task 2: I am confident that my choice is correct:  ","Task 1: The fault shown in the chart is:  ","Task 2: I am confident that my choice is correct:  ","Task 1: The fault shown in the chart is:  ","Task 2: I am confident that my choice is correct:  ","Task 1: The fault shown in the chart is:  ","Task 2: I am confident that my choice is correct:  ","Task 1: The fault shown in the chart is:  ","Task 2: I am confident that my choice is correct:  ","Task 1: Please click on the Don't Know button:  ","Task 2: You do not have to make a confidence choice below:  ","Task 1: The fault shown in the chart is:  ","Task 2: I am confident that my choice is correct:  ","Task 1: The fault shown in the chart is:  ","Task 2: I am confident that my choice is correct:  ","Task 1: The fault shown in the chart is:  ","Task 2: I am confident that my choice is correct:  ","Task 1: The fault shown in the chart is:  ","Task 2: I am confident that my choice is correct:  ","Task 1: The fault shown in the chart is:  ","Task 2: I am confident that my choice is correct:  ","Task 1: The fault shown in the chart is:  ","Task 2: I am confident that my choice is correct:  ","Task 1: The fault shown in the chart is:  ","Task 2: I am confident that my choice is correct:  ","Task 1: The fault shown in the chart is:  ","Task 2: I am confident that my choice is correct:  ","Task 1: The fault shown in the chart is:  ","Task 2: I am confident that my choice is correct:  ","Task 1: Please click on the Don't Know button:  ","Task 2: You do not have to make a confidence choice below:  ","Task 1: The fault shown in the chart is:  ","Task 2: I am confident that my choice is correct:  ","Task 1: The fault shown in the chart is:  ","Task 2: I am confident that my choice is correct:  ","Task 1: The fault shown in the chart is:  ","Task 2: I am confident that my choice is correct:  ","Task 1: The fault shown in the chart is:  ","Task 2: I am confident that my choice is correct:  ","Task 1: The fault shown in the chart is:  ","Task 2: I am confident that my choice is correct:  ","Task 1: The fault shown in the chart is:  ","Task 2: I am confident that my choice is correct:  ","Task 1: The fault shown in the chart is:  ","Task 2: I am confident that my choice is correct:  ","Task 1: The fault shown in the chart is:  ","Task 2: I am confident that my choice is correct:  ","Task 1: The fault shown in the chart is:  ","Task 2: I am confident that my choice is correct:  ","Page path","Prolific Redirect"
"1","Jul 5, 2023 10:26:32 am","Jul 5, 2023 10:40:41 am","Complete","","","English","https://app.prolific.co/","1688567192_64a57d98a8ce52.00781480","","","By checking this box, I confirm that I agree to the above and consent to take part in this study","5edf9681b8a6fc2722574db5","2954","Female","","47","Fault-X","I'm neutral about it","Fault-A","I agree strongly","Fault-B","I agree strongly","Fault-A","I agree strongly","Fault-A","I agree strongly","Fault-B","I agree strongly","Fault-A","I agree strongly","Fault-B","I agree strongly","Fault-B","I agree strongly","Fault-A","I agree strongly","Fault-B","I agree strongly","Fault-B","I agree strongly","Fault-B","I agree strongly","Fault-B","I agree strongly","Fault-B","I agree strongly","Fault-B","I agree somewhat","Fault-A","I agree strongly","Fault-A","I agree strongly","Fault-A","I agree strongly","Fault-A","I agree strongly","Fault-B","I agree strongly","Fault-A","I agree strongly","Fault-B","I agree strongly","Fault-A","I agree strongly","Fault-B","I agree strongly","Don't Know","","Fault-B","I agree strongly","Fault-A","I agree strongly","Fault-B","I agree strongly","Fault-A","I agree strongly","Fault-B","I agree strongly","Fault-B","I agree strongly","Fault-A","I agree strongly","Fault-B","I agree strongly","Fault-B","I agree strongly","Don't Know","","Fault-B","I agree strongly","Fault-A","I agree strongly","Fault-A","I agree somewhat","Fault-A","I agree somewhat","Fault-A","I agree strongly","Fault-B","I agree strongly","Fault-A","I agree somewhat","Fault-A","I agree somewhat","Fault-B","I agree somewhat","1,39,38,37,36,43,43,176,337,335,227,274,332,222,269,326,197,246,302,195,248,304,231,244,210,258,315,207,255,312,213,260,317,201,240,297,209,257,314,225,272,329,204,243,293,214,261,318,224,237,294,278,253,228,339,275,200,241,298,223,238,295,220,270,327,206,254,311,217,264,322,202,239,296,178,233,336,199,242,299,281,285,193,287,307,215,262,319,218,265,323,196,247,303,212,259,316,198,245,301,191,277,309,194,250,306,205,249,305,283,284,208,256,313,230,276,334,226,273,331,203,235,292,216,263,321,192,252,308,221,267,325,219,266,324,211,271,328,286",""
"2","Jul 5, 2023 10:28:35 am","Jul 5, 2023 10:38:21 am","Complete","","","English","https://app.prolific.co/","1688567315_64a57e133123d0.33445369","","","By checking this box, I confirm that I agree to the above and consent to take part in this study","5ef1d0886ee5497fe352c413","005","Female","","25","Fault-Y","I agree strongly","Fault-A","I agree strongly","Fault-B","I agree strongly","Don't Know","I agree somewhat","Fault-A","I agree strongly","Fault-A","I agree somewhat","Don't Know","I agree somewhat","Fault-B","I agree strongly","Fault-B","I agree strongly","Fault-A","I agree strongly","Fault-B","I agree strongly","Fault-B","I agree strongly","Fault-B","I agree strongly","Fault-B","I agree strongly","Fault-B","I agree strongly","Don't Know","I agree strongly","Fault-A","I agree strongly","Fault-A","I agree strongly","Fault-A","I agree strongly","Fault-B","I agree strongly","Fault-A","I agree somewhat","Fault-A","I agree strongly","Fault-B","I agree strongly","Fault-A","I agree strongly","Fault-B","I agree strongly","Don't Know","I agree strongly","Fault-B","I agree strongly","Fault-A","I agree somewhat","Fault-B","I agree strongly","Fault-A","I agree strongly","Fault-B","I agree strongly","Fault-A","I agree somewhat","Fault-A","I agree somewhat","Fault-B","I agree strongly","Fault-B","I agree strongly","Don't Know","I agree strongly","Fault-B","I agree strongly","Fault-A","I agree strongly","Don't Know","I agree somewhat","Fault-A","I agree somewhat","Fault-A","I agree strongly","Fault-A","I agree strongly","Fault-A","I agree strongly","Fault-A","I agree strongly","Fault-B","I agree strongly","1,39,38,37,36,43,176,337,335,191,277,309,216,263,321,201,240,297,215,262,319,231,244,204,243,293,212,259,316,223,238,295,200,241,298,225,272,329,196,247,303,199,242,299,198,245,301,218,265,323,278,253,220,270,327,221,267,325,207,255,312,230,276,334,178,233,336,222,269,326,193,287,307,214,261,318,217,264,322,281,285,203,235,292,202,239,296,228,339,275,208,256,313,224,237,294,210,258,315,227,274,332,195,248,304,205,249,305,283,284,211,271,328,206,254,311,226,273,331,194,250,306,197,246,302,219,266,324,209,257,314,213,260,317,192,252,308,286",""
"3","Jul 5, 2023 10:30:28 am","Jul 5, 2023 10:42:58 am","Complete","","","English","https://app.prolific.co/","1688567428_64a57e84106fe4.29322832","","","By checking this box, I confirm that I agree to the above and consent to take part in this study","622c606ac1d7c72e0aa46a48","EYKEDH","Male","","18","Fault-X","I agree somewhat","Fault-A","I agree somewhat","Fault-B","I agree somewhat","Fault-A","I'm neutral about it","Fault-A","I agree somewhat","Don't Know","","Fault-A","I agree somewhat","Fault-B","I'm neutral about it","Don't Know","I'm neutral about it","Fault-A","I agree somewhat","Fault-B","I disagree somewhat","Fault-B","I agree somewhat","Fault-B","I'm neutral about it","Fault-B","I agree somewhat","Fault-B","I'm neutral about it","Don't Know","","Fault-A","I agree somewhat","Fault-A","I agree somewhat","Fault-A","I agree somewhat","Fault-A","I agree somewhat","Fault-B","I'm neutral about it","Fault-A","I disagree somewhat","Fault-B","I agree somewhat","Fault-A","I agree somewhat","Fault-B","I'm neutral about it","Don't Know","","Fault-B","I'm neutral about it","Fault-A","I agree somewhat","Fault-B","I agree somewhat","Fault-A","I disagree somewhat","Fault-B","I'm neutral about it","Fault-B","I'm neutral about it","Fault-A","I'm neutral about it","Fault-B","I disagree somewhat","Fault-B","I'm neutral about it","Don't Know","","Fault-B","I'm neutral about it","Fault-A","I'm neutral about it","Fault-A","I agree somewhat","Don't Know","I'm neutral about it","Fault-A","I agree somewhat","Fault-A","I agree somewhat","Fault-A","I agree somewhat","Fault-A","I agree somewhat","Fault-B","I'm neutral about it","1,39,38,37,36,43,176,337,335,201,240,297,206,254,311,207,255,312,178,233,336,231,244,204,243,293,210,258,315,224,237,294,225,272,329,199,242,299,198,245,301,203,235,292,211,271,328,208,256,313,278,253,216,263,321,226,273,331,212,259,316,227,274,332,228,339,275,197,246,302,223,238,295,220,270,327,230,276,334,281,285,219,266,324,193,287,307,194,250,306,196,247,303,200,241,298,205,249,305,202,239,296,195,248,304,217,264,322,283,284,213,260,317,215,262,319,218,265,323,214,261,318,222,269,326,221,267,325,192,252,308,191,277,309,209,257,314,286",""
"5","Jul 5, 2023 10:33:27 am","Jul 5, 2023 10:43:51 am","Complete","","","English","https://app.prolific.co/","1688567607_64a57f379bafd1.93912177","","","By checking this box, I confirm that I agree to the above and consent to take part in this study","6065dc8fda6e218a5691d6b6","131030","Female","","21","Fault-X","I agree strongly","Fault-A","I agree somewhat","Fault-B","I agree strongly","Fault-A","I agree somewhat","Fault-A","I agree strongly","Fault-B","","Fault-A","I'm neutral about it","Fault-B","I agree somewhat","Fault-B","I agree strongly","Fault-A","I agree somewhat","Fault-B","I agree strongly","Fault-A","I'm neutral about it","Fault-B","I agree somewhat","Fault-B","I agree somewhat","Fault-B","I agree somewhat","Don't Know","","Fault-A","I agree strongly","Fault-A","I agree strongly","Fault-A","I agree strongly","Fault-A","I agree somewhat","Fault-B","I agree strongly","Fault-A","I agree strongly","Fault-B","I agree strongly","Fault-A","I agree strongly","Fault-B","I agree strongly","Don't Know","","Fault-B","I agree strongly","Fault-A","I agree strongly","Fault-B","I agree strongly","Fault-A","I agree somewhat","Fault-B","I agree somewhat","Fault-B","I agree somewhat","Fault-A","I'm neutral about it","Fault-B","I agree somewhat","Fault-B","I'm neutral about it","Don't Know","","Fault-B","I agree strongly","Fault-A","I agree somewhat","Fault-A","I agree somewhat","Fault-B","I agree somewhat","Fault-A","I agree strongly","Fault-A","I agree somewhat","Fault-A","I agree somewhat","Fault-A","I agree somewhat","Fault-B","I agree strongly","1,39,38,37,36,43,176,337,335,198,245,301,222,269,326,200,241,298,226,273,331,231,244,223,238,295,197,246,302,227,274,332,204,243,293,215,262,319,178,233,336,219,266,324,191,277,309,210,258,315,278,253,217,264,322,214,261,318,216,263,321,201,240,297,208,256,313,218,265,323,193,287,307,196,247,303,213,260,317,281,285,195,248,304,209,257,314,211,271,328,194,250,306,199,242,299,225,272,329,205,249,305,206,254,311,202,239,296,283,284,228,339,275,203,235,292,221,267,325,212,259,316,207,255,312,224,237,294,192,252,308,230,276,334,220,270,327,286",""
"6","Jul 5, 2023 10:33:55 am","Jul 5, 2023 10:42:38 am","Complete","","","English","https://app.prolific.co/","1688567635_64a57f531b8861.19189150","","","By checking this box, I confirm that I agree to the above and consent to take part in this study","611bd61db24be90085a9d9e3","Wink1994","Female","","28","Fault-Y","I agree somewhat","Fault-A","I agree somewhat","Fault-A","I agree somewhat","Fault-B","I agree somewhat","Fault-A","I agree strongly","Fault-A","I'm neutral about it","Fault-A","I disagree somewhat","Fault-B","I agree strongly","Fault-B","I agree strongly","Fault-A","I agree strongly","Fault-B","I agree somewhat","Fault-B","I agree somewhat","Fault-B","I agree strongly","Don't Know","I agree somewhat","Fault-A","I agree somewhat","Don't Know","I'm neutral about it","Fault-A","I agree strongly","Fault-B","I disagree strongly","Fault-A","I agree strongly","Fault-A","I agree somewhat","Fault-B","I agree strongly","Fault-A","I disagree strongly","Fault-B","I agree strongly","Fault-A","I disagree somewhat","Fault-B","I agree strongly","Don't Know","I disagree somewhat","Fault-B","I agree strongly","Fault-A","I agree somewhat","Fault-B","I agree strongly","Fault-A","I'm neutral about it","Fault-B","I agree strongly","Fault-B","I disagree somewhat","Fault-B","I'm neutral about it","Fault-B","I agree somewhat","Fault-B","I agree somewhat","Don't Know","I agree strongly","Fault-B","I agree strongly","Fault-A","I agree strongly","Fault-A","I agree somewhat","Fault-B","I agree somewhat","Fault-A","I agree somewhat","Fault-A","I agree somewhat","Fault-A","I agree strongly","Fault-A","I agree somewhat","Fault-B","I agree somewhat","1,39,38,37,36,43,176,337,335,203,235,292,195,248,304,196,247,303,219,266,324,231,244,217,264,322,204,243,293,208,256,313,227,274,332,200,241,298,193,287,307,214,261,318,209,257,314,178,233,336,278,253,218,265,323,226,273,331,216,263,321,221,267,325,213,260,317,210,258,315,215,262,319,201,240,297,202,239,296,281,285,206,254,311,198,245,301,191,277,309,197,246,302,207,255,312,212,259,316,223,238,295,211,271,328,224,237,294,283,284,192,252,308,228,339,275,222,269,326,205,249,305,194,250,306,225,272,329,199,242,299,220,270,327,230,276,334,286",""
"8","Jul 5, 2023 10:36:37 am","Jul 5, 2023 10:48:12 am","Complete","","","English","https://app.prolific.co/","1688567797_64a57ff5017c20.85391826","","","By checking this box, I confirm that I agree to the above and consent to take part in this study","578950e925cb7100012895cf","32509","Female","","30","Fault-Y","I'm neutral about it","Fault-A","I agree strongly","Fault-B","I agree strongly","Fault-A","I'm neutral about it","Fault-A","I'm neutral about it","Fault-A","I'm neutral about it","Fault-A","I'm neutral about it","Fault-B","I agree somewhat","Fault-B","I agree strongly","Fault-A","I'm neutral about it","Fault-B","I agree strongly","Fault-B","I agree somewhat","Fault-B","I agree somewhat","Fault-B","I agree strongly","Fault-B","I agree strongly","Don't Know","","Fault-A","I agree strongly","Fault-A","I agree strongly","Fault-A","I agree strongly","Fault-B","I agree somewhat","Fault-B","I agree strongly","Fault-A","I'm neutral about it","Fault-B","I agree strongly","Fault-A","I agree strongly","Fault-B","I agree strongly","Don't Know","","Fault-B","I agree strongly","Fault-A","I agree strongly","Fault-B","I agree strongly","Fault-A","I'm neutral about it","Fault-B","I agree strongly","Fault-B","I agree strongly","Fault-A","I'm neutral about it","Fault-B","I agree somewhat","Fault-B","I agree strongly","Don't Know","","Fault-B","I agree strongly","Fault-A","I agree somewhat","Fault-A","I agree somewhat","Fault-B","I'm neutral about it","Fault-A","I agree strongly","Fault-A","I agree strongly","Fault-A","I agree strongly","Fault-B","I agree somewhat","Fault-B","I agree somewhat","1,39,38,37,36,43,176,337,335,224,237,294,192,252,308,230,276,334,178,233,336,231,244,198,245,301,227,274,332,212,259,316,204,243,293,205,249,305,221,267,325,199,242,299,225,272,329,228,339,275,278,253,197,246,302,214,261,318,193,287,307,203,235,292,223,238,295,213,260,317,208,256,313,209,257,314,207,255,312,281,285,222,269,326,201,240,297,206,254,311,194,250,306,216,263,321,215,262,319,226,273,331,196,247,303,220,270,327,283,284,191,277,309,210,258,315,219,266,324,217,264,322,218,265,323,211,271,328,202,239,296,195,248,304,200,241,298,286",""
"9","Jul 5, 2023 10:36:42 am","Jul 5, 2023 10:52:30 am","Complete","","","English","https://app.prolific.co/","1688567802_64a57ffa5b9b75.76681634","","","By checking this box, I confirm that I agree to the above and consent to take part in this study","5b61dc6656c05f00018c7968","2104","Male","","61","Fault-Y","I agree somewhat","Fault-A","I agree somewhat","Fault-B","I agree strongly","Don't Know","I agree strongly","Fault-A","I agree somewhat","Don't Know","I agree strongly","Fault-A","I agree strongly","Don't Know","I agree strongly","Fault-B","I agree strongly","Fault-A","I agree somewhat","Fault-B","I agree strongly","Fault-B","I agree strongly","Fault-B","I agree strongly","Fault-A","I agree somewhat","Fault-B","I agree strongly","Don't Know","I agree strongly","Fault-A","I agree strongly","Fault-A","I agree strongly","Fault-A","I agree strongly","Fault-A","I agree strongly","Fault-B","I agree strongly","Fault-A","I agree strongly","Fault-B","I agree strongly","Fault-A","I agree somewhat","Fault-B","I agree strongly","Don't Know","I agree strongly","Fault-B","I agree strongly","Fault-A","I agree strongly","Fault-B","I agree strongly","Fault-A","I'm neutral about it","Fault-B","I agree strongly","Fault-B","I agree strongly","Fault-A","I agree somewhat","Fault-B","I'm neutral about it","Fault-B","I agree strongly","Don't Know","I agree strongly","Fault-B","I agree somewhat","Fault-A","I agree somewhat","Fault-A","I agree somewhat","Fault-B","I agree somewhat","Fault-A","I agree strongly","Fault-A","I agree strongly","Fault-A","I agree strongly","Fault-A","I agree somewhat","Fault-B","I agree strongly","1,39,38,37,36,43,176,337,335,204,243,293,208,256,313,218,265,323,224,237,294,231,244,214,261,318,220,270,327,202,239,296,191,277,309,222,269,326,200,241,298,221,267,325,211,271,328,178,233,336,278,253,226,273,331,212,259,316,198,245,301,196,247,303,206,254,311,193,287,307,227,274,332,225,272,329,215,262,319,281,285,199,242,299,213,260,317,194,250,306,223,238,295,219,266,324,201,240,297,192,252,308,195,248,304,209,257,314,283,284,197,246,302,210,258,315,228,339,275,217,264,322,203,235,292,205,249,305,207,255,312,216,263,321,230,276,334,286",""
"11","Jul 5, 2023 10:40:07 am","Jul 5, 2023 10:55:14 am","Complete","","","English","https://app.prolific.co/","1688568007_64a580c70d6849.78208297","","","By checking this box, I confirm that I agree to the above and consent to take part in this study","5c000d7a71ba4200019c0263","565791970","Male","","53","Fault-X","I agree strongly","Fault-A","I agree strongly","Fault-B","I agree strongly","Fault-A","I agree strongly","Fault-A","I agree somewhat","Fault-B","I agree somewhat","Don't Know","I'm neutral about it","Fault-B","I agree strongly","Fault-A","I'm neutral about it","Fault-A","I agree strongly","Fault-B","I agree somewhat","Fault-B","I agree somewhat","Fault-B","I agree somewhat","Fault-B","I agree somewhat","Fault-B","I agree strongly","Don't Know","I'm neutral about it","Fault-A","I agree strongly","Fault-A","I agree strongly","Fault-B","I'm neutral about it","Fault-A","I'm neutral about it","Fault-B","I agree strongly","Fault-A","I'm neutral about it","Fault-B","I agree somewhat","Fault-A","I'm neutral about it","Fault-B","I'm neutral about it","Don't Know","I'm neutral about it","Fault-B","I agree somewhat","Fault-A","I agree strongly","Fault-B","I agree strongly","Fault-A","I'm neutral about it","Fault-B","I agree strongly","Fault-B","I agree somewhat","Fault-B","I agree somewhat","Fault-B","I agree somewhat","Fault-A","I agree somewhat","Don't Know","I'm neutral about it","Fault-B","I agree strongly","Fault-A","I agree somewhat","Fault-A","I agree somewhat","Don't Know","I'm neutral about it","Fault-A","I agree strongly","Fault-A","I agree strongly","Fault-A","I agree strongly","Fault-A","I'm neutral about it","Fault-B","I agree strongly","1,39,38,37,36,43,176,337,335,223,238,295,203,235,292,199,242,299,227,274,332,231,244,220,270,327,211,271,328,201,240,297,208,256,313,210,258,315,222,269,326,213,260,317,225,272,329,191,277,309,278,253,218,265,323,195,248,304,212,259,316,192,252,308,194,250,306,178,233,336,219,266,324,200,241,298,198,245,301,281,285,204,243,293,193,287,307,197,246,302,230,276,334,206,254,311,228,339,275,207,255,312,205,249,305,226,273,331,283,284,209,257,314,221,267,325,215,262,319,202,239,296,196,247,303,217,264,322,224,237,294,216,263,321,214,261,318,286",""
"12","Jul 5, 2023 10:40:31 am","Jul 5, 2023 10:58:57 am","Complete","","","English","https://app.prolific.co/","1688568030_64a580def1c798.20634788","","","By checking this box, I confirm that I agree to the above and consent to take part in this study","60df7ffed00034efd9a002c1","abc123","Female","","47","Fault-X","I agree strongly","Fault-B","I agree somewhat","Fault-B","I'm neutral about it","Fault-A","I'm neutral about it","Fault-A","I'm neutral about it","Fault-B","I agree somewhat","Fault-A","I agree strongly","Fault-B","I'm neutral about it","Fault-B","I'm neutral about it","Fault-B","I agree somewhat","Fault-B","I'm neutral about it","Fault-A","I'm neutral about it","Fault-B","I'm neutral about it","Fault-B","I'm neutral about it","Fault-A","I disagree somewhat","Don't Know","","Fault-B","I'm neutral about it","Fault-A","I'm neutral about it","Fault-A","I'm neutral about it","Fault-A","I'm neutral about it","Fault-B","I'm neutral about it","Fault-B","I'm neutral about it","Fault-A","I agree somewhat","Fault-A","I agree strongly","Fault-B","I agree somewhat","Don't Know","","Fault-B","I agree somewhat","Fault-A","I'm neutral about it","Fault-B","I'm neutral about it","Fault-B","I'm neutral about it","Don't Know","I'm neutral about it","Fault-B","I'm neutral about it","Fault-B","I'm neutral about it","Fault-A","I agree somewhat","Fault-A","I'm neutral about it","Don't Know","","Fault-B","I'm neutral about it","Fault-A","I agree strongly","Fault-B","I agree somewhat","Fault-B","I'm neutral about it","Fault-B","I'm neutral about it","Fault-A","I'm neutral about it","Fault-A","I disagree somewhat","Fault-B","I'm neutral about it","Fault-B","I agree somewhat","1,39,38,37,36,43,176,337,335,215,262,319,200,241,298,223,238,295,222,269,326,231,244,205,249,305,197,246,302,213,260,317,230,276,334,209,257,314,193,287,307,208,256,313,218,265,323,212,259,316,278,253,204,243,293,199,242,299,210,258,315,214,261,318,196,247,303,226,273,331,206,254,311,202,239,296,194,250,306,281,285,198,245,301,221,267,325,201,240,297,192,252,308,178,233,336,220,270,327,217,264,322,225,272,329,227,274,332,283,284,195,248,304,211,271,328,216,263,321,224,237,294,191,277,309,207,255,312,219,266,324,228,339,275,203,235,292,286",""
"14","Jul 5, 2023 10:41:43 am","Jul 5, 2023 11:06:33 am","Complete","","","English","https://app.prolific.co/","1688568103_64a581272ddc84.93891413","","","By checking this box, I confirm that I agree to the above and consent to take part in this study","5e224d74e8ec0753489bff2a","0220","Male","","29","Fault-X","I agree somewhat","Fault-A","I agree somewhat","Fault-B","I agree somewhat","Fault-A","I agree somewhat","Fault-A","I agree somewhat","Don't Know","","Fault-A","I agree somewhat","Fault-B","I'm neutral about it","Fault-B","I agree somewhat","Fault-A","I agree somewhat","Fault-B","I agree somewhat","Fault-B","I agree somewhat","Fault-B","I agree somewhat","Fault-B","I agree somewhat","Fault-B","I agree somewhat","Don't Know","","Don't Know","I'm neutral about it","Fault-A","I agree somewhat","Fault-A","I agree somewhat","Fault-B","I agree somewhat","Fault-B","I agree somewhat","Fault-A","I agree somewhat","Fault-B","I agree somewhat","Fault-A","I agree strongly","Fault-B","I agree somewhat","Don't Know","","Fault-B","I agree somewhat","Fault-A","I agree somewhat","Fault-B","I agree somewhat","Fault-A","I agree somewhat","Fault-B","I agree somewhat","Fault-B","I agree somewhat","Fault-B","I agree somewhat","Fault-B","I agree somewhat","Fault-B","I agree somewhat","Don't Know","","Fault-B","I agree somewhat","Fault-A","I agree somewhat","Fault-B","I agree somewhat","Fault-A","I agree somewhat","Fault-A","I agree somewhat","Fault-A","I agree somewhat","Fault-A","I agree somewhat","Fault-A","I agree strongly","Fault-B","I agree somewhat","1,39,38,37,36,43,176,337,335,212,259,316,205,249,305,213,260,317,218,265,323,231,244,199,242,299,227,274,332,217,264,322,208,256,313,223,238,295,224,237,294,219,266,324,215,262,319,211,271,328,278,253,203,235,292,210,258,315,200,241,298,228,339,275,198,245,301,194,250,306,207,255,312,225,272,329,230,276,334,281,285,216,263,321,178,233,336,204,243,293,195,248,304,196,247,303,206,254,311,220,270,327,226,273,331,197,246,302,283,284,192,252,308,214,261,318,201,240,297,222,269,326,193,287,307,191,277,309,202,239,296,221,267,325,209,257,314,286",""
"15","Jul 5, 2023 10:42:23 am","Jul 5, 2023 10:49:42 am","Complete","","","English","https://app.prolific.co/","1688568143_64a5814f51cd94.94529692","","","By checking this box, I confirm that I agree to the above and consent to take part in this study","5d36a5e3196afb001a4b8753","1822","Female","","3","Don't Know","I'm neutral about it","Fault-A","I agree strongly","Fault-B","I agree somewhat","Fault-A","I agree somewhat","Fault-A","I agree somewhat","Fault-B","I agree somewhat","Fault-A","I agree strongly","Fault-B","I agree somewhat","Fault-B","I agree strongly","Fault-A","I agree somewhat","Fault-A","I agree somewhat","Fault-B","I agree somewhat","Fault-A","I agree somewhat","Fault-B","I agree strongly","Fault-B","I agree strongly","Don't Know","I'm neutral about it","Fault-A","I'm neutral about it","Fault-A","I agree strongly","Fault-A","I agree somewhat","Fault-A","I agree somewhat","Fault-B","I agree strongly","Fault-A","I agree somewhat","Fault-A","I agree strongly","Fault-A","I agree strongly","Fault-B","I agree somewhat","Don't Know","I'm neutral about it","Fault-A","I agree somewhat","Fault-A","I agree somewhat","Fault-B","I agree strongly","Fault-A","I agree strongly","Fault-B","I agree somewhat","Fault-B","I agree somewhat","Fault-B","I agree somewhat","Fault-B","I agree somewhat","Fault-A","I agree strongly","Don't Know","I'm neutral about it","Fault-B","I agree somewhat","Fault-A","I agree somewhat","Fault-A","I'm neutral about it","Fault-B","I'm neutral about it","Fault-A","I agree strongly","Fault-A","I'm neutral about it","Fault-A","I'm neutral about it","Fault-A","I agree strongly","Fault-B","I'm neutral about it","1,39,38,37,36,43,176,337,335,226,273,331,227,274,332,215,262,319,198,245,301,231,244,212,259,316,202,239,296,193,287,287,307,224,237,294,195,248,304,200,241,298,205,249,305,192,252,308,199,242,299,278,253,210,258,315,191,277,309,201,240,297,196,247,303,209,257,314,314,216,263,321,211,271,328,223,238,295,194,250,306,281,285,197,246,302,218,265,323,213,260,317,221,267,325,225,272,329,217,264,322,206,254,311,208,256,313,220,270,327,283,284,214,261,318,222,269,326,219,266,324,207,255,312,204,243,293,178,233,336,230,276,334,203,235,292,228,339,275,286",""
"16","Jul 5, 2023 10:42:28 am","Jul 5, 2023 11:32:38 am","Complete","","","English","https://app.prolific.co/","1688568148_64a5815450abf2.98791284","","","By checking this box, I confirm that I agree to the above and consent to take part in this study","5f49645bf271be4ba2e83871","7773","Female","","44","Fault-X","I disagree somewhat","Fault-A","I agree strongly","Fault-B","I agree strongly","Fault-A","I agree strongly","Fault-A","I agree strongly","Fault-B","I agree somewhat","Fault-A","I agree strongly","Fault-B","I'm neutral about it","Fault-B","I agree strongly","Fault-A","I agree strongly","Fault-B","I agree strongly","Fault-B","I agree somewhat","Fault-B","I agree somewhat","Fault-B","I agree somewhat","Fault-B","I agree strongly","Don't Know","I agree strongly","Fault-A","I agree strongly","Fault-A","I agree strongly","Fault-A","I agree strongly","Fault-A","I agree strongly","Fault-B","I agree strongly","Fault-A","I agree strongly","Fault-B","I agree somewhat","Fault-A","I agree strongly","Fault-B","I agree somewhat","Don't Know","I agree strongly","Fault-B","I agree strongly","Fault-A","I agree strongly","Fault-B","I agree strongly","Fault-A","I'm neutral about it","Fault-B","I disagree somewhat","Fault-B","I agree strongly","Fault-A","I agree somewhat","Fault-B","I agree somewhat","Fault-B","I agree strongly","Don't Know","I agree strongly","Fault-B","I agree strongly","Fault-A","I agree strongly","Fault-A","I agree strongly","Fault-B","I agree somewhat","Fault-A","I agree strongly","Fault-A","I agree strongly","Fault-A","I agree somewhat","Fault-A","I agree strongly","Fault-B","I agree somewhat","1,39,38,37,36,43,176,337,335,215,262,319,218,265,323,207,255,312,194,250,306,231,244,208,256,313,230,276,334,214,261,318,209,257,314,202,239,296,227,274,332,223,238,295,204,243,293,200,241,298,278,253,196,247,303,224,237,294,212,259,316,198,245,301,201,240,297,206,254,311,205,249,305,197,246,302,222,269,326,281,285,193,287,307,226,273,331,195,248,304,211,271,328,178,233,336,225,272,329,191,277,309,203,235,292,220,270,327,283,284,228,339,275,213,260,317,219,266,324,217,264,322,216,263,321,210,258,315,192,252,308,221,267,325,199,242,299,286",""
"17","Jul 5, 2023 10:42:20 am","Jul 5, 2023 10:54:33 am","Complete","","","English","https://app.prolific.co/","1688568140_64a5814c48d479.13569558","","","By checking this box, I confirm that I agree to the above and consent to take part in this study","5c45f60efda40800014e2d39","3577","Female","","32","Fault-X","I agree strongly","Fault-A","I agree somewhat","Fault-B","I agree strongly","Fault-B","I agree strongly","Fault-A","I agree strongly","Fault-B","I agree somewhat","Fault-A","I agree strongly","Fault-B","I agree strongly","Fault-B","I agree somewhat","Fault-A","I agree strongly","Fault-B","I agree strongly","Fault-B","I agree strongly","Fault-B","I agree strongly","Fault-B","I agree strongly","Fault-B","I agree somewhat","Don't Know","I agree strongly","Fault-A","I agree strongly","Fault-A","I agree somewhat","Fault-A","I agree strongly","Fault-A","I agree somewhat","Fault-B","I agree strongly","Fault-A","I agree strongly","Fault-B","I agree strongly","Fault-A","I agree somewhat","Fault-B","I agree somewhat","Fault-A","I agree somewhat","Fault-B","I agree strongly","Fault-A","I agree strongly","Don't Know","I'm neutral about it","Fault-B","I agree somewhat","Fault-B","I agree strongly","Fault-B","I agree strongly","Fault-B","I agree strongly","Fault-A","I agree somewhat","Fault-A","I agree strongly","Don't Know","I agree strongly","Fault-B","I agree strongly","Fault-A","I agree somewhat","Fault-A","I agree strongly","Fault-B","I agree somewhat","Fault-A","I agree strongly","Fault-A","I agree strongly","Fault-A","I agree strongly","Fault-A","I agree somewhat","Fault-B","I agree strongly","1,39,38,37,36,43,176,337,335,213,260,317,195,248,304,226,273,331,192,252,308,231,244,209,257,314,228,339,275,214,261,318,218,265,323,211,271,328,194,250,306,208,256,313,225,272,329,219,266,324,278,253,222,269,326,217,264,322,201,240,297,230,276,334,223,238,295,196,247,303,204,243,293,197,246,302,191,277,309,281,285,224,237,294,200,241,298,178,233,336,193,287,307,221,267,325,210,258,315,198,245,301,212,259,316,203,235,292,283,284,215,262,319,205,249,305,206,254,311,199,242,299,220,270,327,207,255,312,216,263,321,202,239,296,227,274,332,286",""
"19","Jul 5, 2023 10:43:23 am","Jul 5, 2023 10:56:13 am","Complete","","","English","https://app.prolific.co/","1688568203_64a5818b35c6e5.20468564","","","By checking this box, I confirm that I agree to the above and consent to take part in this study","5e553f8783c96c539f0d101e","WAWAWEE","Female","","31","Fault-X","I agree strongly","Fault-A","I'm neutral about it","Fault-B","I agree somewhat","Fault-A","I agree somewhat","Fault-A","I agree somewhat","Fault-B","I disagree strongly","Fault-A","I'm neutral about it","Fault-B","I'm neutral about it","Fault-B","I agree somewhat","Fault-A","I disagree somewhat","Fault-B","I agree somewhat","Fault-B","I agree somewhat","Fault-B","I agree somewhat","Fault-B","I agree somewhat","Fault-B","I agree strongly","Don't Know","I agree strongly","Fault-A","I agree strongly","Fault-A","I agree somewhat","Fault-A","I disagree somewhat","Fault-A","I agree somewhat","Fault-B","I agree strongly","Fault-A","I disagree somewhat","Fault-B","I agree strongly","Fault-A","I agree somewhat","Fault-B","I disagree somewhat","Don't Know","","Fault-B","I agree strongly","Fault-A","I agree somewhat","Fault-B","I agree somewhat","Fault-A","I'm neutral about it","Fault-B","I agree strongly","Fault-B","I agree somewhat","Don't Know","I'm neutral about it","Fault-A","I'm neutral about it","Fault-B","I'm neutral about it","Don't Know","I agree strongly","Fault-B","I agree somewhat","Fault-A","I'm neutral about it","Fault-A","I agree somewhat","Fault-B","I agree strongly","Fault-A","I agree strongly","Fault-A","I agree somewhat","Fault-A","I agree somewhat","Fault-A","I agree strongly","Fault-B","I agree somewhat","1,39,38,37,36,43,176,337,335,218,265,323,199,242,299,228,339,275,209,257,314,231,244,198,245,301,195,248,304,214,261,318,221,267,325,207,255,312,219,266,324,204,243,293,197,246,302,202,239,296,278,253,217,264,322,226,273,331,191,277,309,194,250,306,206,254,311,193,287,307,203,235,292,230,276,334,224,237,294,281,285,225,272,329,211,271,328,220,270,327,201,240,297,212,259,316,205,249,305,216,263,321,178,233,336,223,238,295,283,284,200,241,298,227,274,332,213,260,317,215,262,319,210,258,315,192,252,308,222,269,326,196,247,303,208,256,313,286",""
"20","Jul 5, 2023 10:43:22 am","Jul 5, 2023 10:59:53 am","Complete","","","English","https://app.prolific.co/","1688568202_64a5818ab9a6c8.82811838","","","By checking this box, I confirm that I agree to the above and consent to take part in this study","5fc953527f6167409e5654e0","2511","Female","","40","Fault-X","I agree strongly","Fault-A","I agree strongly","Fault-B","I agree somewhat","Fault-A","I agree strongly","Fault-A","I agree somewhat","Fault-A","I'm neutral about it","Fault-A","I agree somewhat","Fault-A","I'm neutral about it","Fault-B","I agree strongly","Fault-A","I agree somewhat","Fault-B","I agree somewhat","Don't Know","I'm neutral about it","Fault-B","I agree strongly","Fault-B","I'm neutral about it","Fault-B","I agree strongly","Don't Know","I'm neutral about it","Fault-A","I agree strongly","Fault-A","I agree strongly","Fault-A","I agree strongly","Fault-A","I agree somewhat","Fault-B","I agree somewhat","Fault-A","I agree strongly","Fault-B","I agree strongly","Fault-A","I'm neutral about it","Fault-B","I agree somewhat","Don't Know","I'm neutral about it","Fault-B","I agree somewhat","Fault-A","I agree strongly","Fault-B","I agree strongly","Fault-A","I agree strongly","Fault-B","I agree strongly","Fault-B","I agree somewhat","Fault-A","I agree somewhat","Don't Know","I'm neutral about it","Fault-B","I'm neutral about it","Don't Know","I agree strongly","Fault-B","I agree strongly","Fault-A","I agree strongly","Fault-A","I agree strongly","Don't Know","I'm neutral about it","Fault-A","I agree strongly","Fault-A","I agree strongly","Fault-A","I agree somewhat","Fault-B","I'm neutral about it","Fault-B","I agree strongly","1,39,38,37,36,43,176,337,335,208,256,313,202,239,296,228,339,275,224,237,294,231,244,227,274,332,203,235,292,217,264,322,194,250,306,222,269,326,210,258,315,196,247,303,218,265,323,192,252,308,278,253,219,266,324,200,241,298,214,261,318,207,255,312,199,242,299,178,233,336,195,248,304,220,270,327,198,245,301,281,285,209,257,314,205,249,305,225,272,329,211,271,328,191,277,309,223,238,295,201,240,297,197,246,302,212,259,316,283,284,226,273,331,215,262,319,206,254,311,193,287,307,213,260,317,221,267,325,216,263,321,230,276,334,204,243,293,286",""
"21","Jul 5, 2023 10:44:07 am","Jul 5, 2023 10:57:58 am","Complete","","","English","https://app.prolific.co/","1688568247_64a581b739c2a9.69444525","","","By checking this box, I confirm that I agree to the above and consent to take part in this study","60fd218256f480d27ce42be0","g324","Female","","23","Fault-X","I agree strongly","Fault-B","I agree strongly","Fault-A","I agree somewhat","Fault-A","I agree somewhat","Fault-B","I agree somewhat","Don't Know","","Fault-A","I agree somewhat","Fault-B","I agree somewhat","Fault-B","I agree somewhat","Fault-A","I agree strongly","Fault-B","I agree strongly","Don't Know","I'm neutral about it","Fault-B","I agree somewhat","Fault-B","I agree somewhat","Fault-B","I agree somewhat","Fault-A","I agree somewhat","Fault-A","I agree strongly","Fault-A","I agree somewhat","Fault-A","I agree strongly","Fault-B","I agree strongly","Fault-A","I'm neutral about it","Fault-A","I agree somewhat","Fault-B","I agree strongly","Fault-B","I agree somewhat","Fault-B","I agree strongly","Fault-A","I'm neutral about it","Fault-A","I agree somewhat","Fault-A","I agree somewhat","Fault-A","I agree somewhat","Fault-B","I'm neutral about it","Fault-B","I agree somewhat","Fault-B","I'm neutral about it","Fault-A","I disagree somewhat","Fault-A","I disagree somewhat","Fault-B","I'm neutral about it","Don't Know","","Fault-A","I agree somewhat","Fault-A","I agree strongly","Fault-B","I agree somewhat","Fault-A","I'm neutral about it","Fault-A","I'm neutral about it","Fault-A","I agree somewhat","Fault-A","I agree somewhat","Fault-B","I'm neutral about it","Fault-A","I'm neutral about it","1,39,38,37,36,43,176,337,335,178,233,336,216,263,321,211,271,328,230,276,334,231,244,221,267,325,217,264,322,224,237,294,214,261,318,220,270,327,215,262,319,210,258,315,192,252,308,201,240,297,278,253,203,235,292,223,238,295,222,269,326,196,247,303,213,260,317,193,287,307,208,256,313,207,255,312,209,257,314,281,285,218,265,323,195,248,304,191,277,309,225,272,329,198,245,301,205,249,305,202,239,296,197,246,302,200,241,298,283,284,194,250,306,206,254,311,199,242,299,204,243,293,219,266,324,227,274,332,226,273,331,228,339,275,212,259,316,286",""
"22","Jul 5, 2023 10:44:13 am","Jul 5, 2023 10:56:21 am","Complete","","","English","https://app.prolific.co/","1688568253_64a581bd814416.22323283","","","By checking this box, I confirm that I agree to the above and consent to take part in this study","5f05b6a83c0c4206b334458a","Davies","Male","","39","Fault-X","I agree somewhat","Fault-A","I agree strongly","Fault-B","I agree strongly","Fault-A","I agree strongly","Fault-A","I agree strongly","Fault-B","I agree strongly","Fault-A","I agree strongly","Fault-A","I agree strongly","Fault-B","I agree strongly","Fault-B","I agree strongly","Fault-B","I agree strongly","Fault-B","I agree strongly","Fault-B","I agree strongly","Fault-B","I agree strongly","Fault-B","I agree strongly","Don't Know","I agree strongly","Fault-A","I agree strongly","Fault-A","I agree strongly","Fault-A","I agree strongly","Fault-A","I agree strongly","Fault-A","I agree strongly","Fault-A","I agree strongly","Fault-B","I agree strongly","Fault-A","I agree strongly","Fault-B","I agree strongly","Don't Know","I agree strongly","Fault-B","I agree strongly","Fault-A","I agree strongly","Fault-B","I agree strongly","Fault-A","I agree strongly","Fault-B","I agree strongly","Fault-B","I agree strongly","Fault-A","I agree somewhat","Fault-B","I agree strongly","Fault-B","I agree somewhat","Don't Know","I agree strongly","Fault-B","I agree strongly","Fault-A","I agree strongly","Fault-A","I agree strongly","Don't Know","I agree strongly","Fault-A","I agree strongly","Fault-A","I agree strongly","Fault-B","I agree somewhat","Fault-A","I agree strongly","Fault-B","I agree strongly","1,39,38,37,36,43,176,337,335,227,274,332,219,266,324,216,263,321,221,267,325,231,244,197,246,302,201,240,297,218,265,323,194,250,306,226,273,331,205,249,305,223,238,295,225,272,329,213,260,317,278,253,198,245,301,200,241,298,191,277,309,222,269,326,193,287,307,220,270,327,230,276,334,211,271,328,208,256,313,281,285,209,257,314,196,247,303,195,248,304,215,262,319,214,261,318,204,243,293,199,242,299,202,239,296,203,235,292,283,284,228,339,275,192,252,308,206,254,311,210,258,315,212,259,316,217,264,322,178,233,336,224,237,294,207,255,312,286",""
"23","Jul 5, 2023 10:44:34 am","Jul 5, 2023 10:56:53 am","Complete","","","English","https://app.prolific.co/","1688568274_64a581d29191e1.42673602","","","By checking this box, I confirm that I agree to the above and consent to take part in this study","62974bf0b641c08a1f88cfff","HDBR638","Female","","35","Fault-X","I'm neutral about it","Fault-A","I'm neutral about it","Fault-B","I agree somewhat","Fault-B","I'm neutral about it","Fault-A","I disagree somewhat","Fault-A","I'm neutral about it","Fault-A","I'm neutral about it","Fault-B","I disagree somewhat","Fault-B","I agree somewhat","Fault-A","I agree strongly","Fault-B","I agree somewhat","Fault-B","I agree somewhat","Fault-B","I agree strongly","Fault-B","I agree somewhat","Fault-B","I disagree somewhat","Don't Know","","Fault-A","I agree strongly","Fault-A","I agree strongly","Fault-A","I agree somewhat","Fault-A","I agree somewhat","Fault-B","I agree strongly","Fault-A","I agree somewhat","Fault-B","I'm neutral about it","Fault-A","I agree somewhat","Fault-B","I'm neutral about it","Don't Know","","Fault-B","I agree somewhat","Fault-A","I agree strongly","Fault-B","I agree somewhat","Fault-A","I agree somewhat","Fault-B","I agree somewhat","Fault-B","I agree somewhat","Fault-B","I'm neutral about it","Fault-A","I agree somewhat","Fault-B","I agree somewhat","Don't Know","","Fault-B","I agree somewhat","Fault-A","I agree somewhat","Fault-A","I agree somewhat","Fault-A","I'm neutral about it","Fault-A","I agree strongly","Fault-A","I agree strongly","Fault-A","I'm neutral about it","Fault-A","I'm neutral about it","Fault-B","I'm neutral about it","1,39,38,37,36,43,176,337,335,224,237,294,217,264,322,195,248,304,202,239,296,231,244,218,265,323,178,233,336,222,269,326,228,339,275,203,235,292,208,256,313,193,287,307,223,238,295,204,243,293,278,253,207,255,312,227,274,332,212,259,316,214,261,318,210,258,315,198,245,301,230,276,334,219,266,324,220,270,327,281,285,191,277,309,197,246,302,211,271,328,192,252,308,209,257,314,221,267,325,199,242,299,196,247,303,206,254,311,283,284,226,273,331,201,240,297,225,272,329,213,260,317,215,262,319,216,263,321,194,250,306,200,241,298,205,249,305,286",""
"24","Jul 5, 2023 10:44:17 am","Jul 5, 2023 11:02:17 am","Complete","","","English","https://app.prolific.co/","1688568257_64a581c1028235.14637735","","","By checking this box, I confirm that I agree to the above and consent to take part in this study","5c2a1f3667d56300016a3b97","t0p5y","Female","","68","Fault-X","I agree somewhat","Fault-A","I agree strongly","Fault-B","I agree strongly","Fault-A","I agree strongly","Fault-A","I agree strongly","Fault-B","I agree somewhat","Fault-A","I agree strongly","Fault-B","I agree strongly","Fault-B","I agree strongly","Fault-A","I agree strongly","Fault-B","I agree strongly","Fault-B","I agree strongly","Fault-B","I agree strongly","Fault-B","I agree strongly","Fault-B","I agree strongly","Don't Know","","Fault-A","I agree strongly","Fault-A","I agree somewhat","Fault-A","I agree strongly","Fault-A","I agree strongly","Fault-B","I agree strongly","Fault-A","I agree strongly","Fault-B","I agree strongly","Fault-A","I agree strongly","Fault-B","I agree strongly","Don't Know","","Fault-B","I agree strongly","Fault-A","I agree strongly","Fault-B","I agree strongly","Fault-A","I agree strongly","Fault-B","I agree strongly","Fault-B","I agree strongly","Fault-A","I agree somewhat","Fault-B","I agree strongly","Fault-B","I agree strongly","Don't Know","","Fault-B","I agree strongly","Fault-A","I agree strongly","Fault-A","I agree somewhat","Fault-B","I'm neutral about it","Fault-A","I agree somewhat","Fault-A","I agree somewhat","Fault-A","I agree strongly","Don't Know","I'm neutral about it","Fault-B","I agree strongly","1,39,38,37,36,43,176,337,335,228,339,275,226,273,331,194,250,306,225,272,329,231,244,220,270,327,211,271,328,215,262,319,218,265,323,205,249,305,196,247,303,210,258,315,198,245,301,214,261,318,278,253,199,242,299,230,276,334,217,264,322,197,246,302,203,235,292,202,239,296,209,257,314,191,277,309,207,255,312,281,285,192,252,308,227,274,332,204,243,293,195,248,304,201,240,297,178,233,336,193,287,307,222,269,326,221,267,325,283,284,219,266,324,200,241,298,223,238,295,206,254,311,224,237,294,208,256,313,212,259,316,216,263,321,213,260,317,286",""
"25","Jul 5, 2023 10:44:58 am","Jul 5, 2023 11:00:11 am","Complete","","","English","https://app.prolific.co/","1688568298_64a581ea736186.03629565","","","By checking this box, I confirm that I agree to the above and consent to take part in this study","6346dd856dd781b41d09ee4b","1304","Female","","31","Fault-X","I agree somewhat","Fault-A","I agree strongly","Fault-B","I agree somewhat","Fault-A","I agree strongly","Fault-A","I agree strongly","Don't Know","I'm neutral about it","Fault-B","I agree strongly","Fault-B","I agree strongly","Fault-B","I agree strongly","Fault-A","I agree strongly","Fault-B","I agree strongly","Fault-B","I agree strongly","Fault-B","I agree strongly","Fault-B","I agree strongly","Fault-A","I agree strongly","Don't Know","","Fault-A","I agree strongly","Fault-A","I agree strongly","Fault-A","I agree strongly","Fault-A","I'm neutral about it","Fault-B","I agree strongly","Fault-A","I agree somewhat","Fault-B","I agree somewhat","Fault-A","I agree strongly","Fault-B","I agree somewhat","Don't Know","","Fault-A","I'm neutral about it","Fault-A","I agree strongly","Fault-B","I agree strongly","Fault-A","I agree somewhat","Fault-B","I agree strongly","Fault-B","I agree somewhat","Fault-B","I agree somewhat","Fault-B","I agree somewhat","Fault-B","I agree strongly","Don't Know","","Fault-B","I agree somewhat","Fault-A","I agree strongly","Fault-A","I agree somewhat","Fault-B","I agree strongly","Fault-A","I agree strongly","Fault-A","I agree somewhat","Fault-A","I agree strongly","Fault-A","I agree strongly","Fault-B","I'm neutral about it","1,39,38,37,36,43,176,337,335,210,210,258,315,223,238,295,214,261,318,217,264,322,231,244,203,235,292,207,255,312,205,249,305,192,252,308,226,273,331,227,274,332,211,271,328,197,246,302,206,254,311,278,253,228,339,275,200,241,298,218,265,323,230,276,334,193,287,307,195,248,304,202,239,296,296,222,269,326,204,243,293,281,285,225,272,329,201,240,297,216,263,321,209,257,314,221,267,325,213,260,317,224,237,294,191,277,309,220,270,327,283,284,215,262,319,208,256,313,219,266,324,196,247,303,178,233,336,199,242,299,198,245,301,212,259,316,194,250,306,286",""
"26","Jul 5, 2023 10:45:09 am","Jul 5, 2023 11:07:14 am","Complete","","","English","https://app.prolific.co/","1688568309_64a581f50d1472.97450166","","","By checking this box, I confirm that I agree to the above and consent to take part in this study","5e762510b2dbac0009c68dd7","1946","Female","","55","Fault-Y","I agree strongly","Fault-A","I agree strongly","Fault-B","I agree strongly","Fault-A","I agree strongly","Fault-A","I'm neutral about it","Fault-A","I agree somewhat","Fault-A","I agree strongly","Fault-B","I agree strongly","Fault-B","I agree strongly","Fault-A","I agree strongly","Fault-B","I agree somewhat","Fault-B","I agree strongly","Fault-B","I agree strongly","Fault-A","I agree strongly","Fault-B","I agree strongly","Don't Know","","Fault-A","I agree strongly","Fault-A","I agree strongly","Fault-A","I agree strongly","Fault-A","I agree somewhat","Fault-B","I agree strongly","Fault-A","I agree strongly","Fault-B","I agree strongly","Fault-B","I agree strongly","Fault-B","I agree strongly","Don't Know","","Fault-B","I agree strongly","Fault-A","I agree strongly","Fault-B","I agree strongly","Fault-A","I agree strongly","Fault-B","I disagree strongly","Fault-B","I agree strongly","Fault-A","I agree strongly","Fault-B","I agree strongly","Fault-B","I agree strongly","Don't Know","","Fault-B","I agree strongly","Fault-A","I agree strongly","Fault-A","I agree strongly","Fault-B","I agree somewhat","Fault-A","I agree strongly","Fault-B","I agree somewhat","Fault-A","I agree strongly","Fault-A","I agree strongly","Fault-B","I agree strongly","1,39,38,37,36,43,176,337,335,215,262,319,224,237,294,192,252,308,226,273,331,231,244,227,274,332,191,277,309,208,256,313,194,250,306,212,259,316,199,242,299,205,249,305,203,235,292,195,248,304,278,253,222,269,326,209,257,314,228,339,275,204,243,293,202,239,296,196,247,303,198,245,301,201,240,297,200,241,298,281,285,220,270,327,207,255,312,197,246,302,211,271,328,217,264,322,223,238,295,178,233,336,221,267,325,206,254,311,283,284,218,265,323,213,260,317,210,258,315,214,261,318,216,263,321,219,266,324,225,272,329,230,276,334,193,287,307,286",""
"27","Jul 5, 2023 10:45:30 am","Jul 5, 2023 10:56:36 am","Complete","","","English","https://app.prolific.co/","1688568330_64a5820a5a7e88.63586612","","","By checking this box, I confirm that I agree to the above and consent to take part in this study","60fd0a3f51b607b5ea4f3791","LEM08","Female","","30","Fault-X","I agree somewhat","Fault-A","I agree somewhat","Fault-B","I agree somewhat","Fault-A","I agree somewhat","Fault-A","I agree somewhat","Fault-B","I'm neutral about it","Fault-A","I agree somewhat","Fault-B","I'm neutral about it","Fault-B","I agree somewhat","Fault-A","I agree somewhat","Fault-B","I agree somewhat","Fault-B","I agree somewhat","Fault-B","I'm neutral about it","Fault-B","I'm neutral about it","Fault-B","I'm neutral about it","Don't Know","I agree somewhat","Fault-A","I agree somewhat","Fault-A","I agree somewhat","Fault-A","I'm neutral about it","Fault-A","I agree somewhat","Fault-B","I'm neutral about it","Fault-A","I'm neutral about it","Fault-B","I agree somewhat","Fault-A","I'm neutral about it","Fault-B","I agree somewhat","Don't Know","I'm neutral about it","Fault-B","I agree somewhat","Fault-A","I agree somewhat","Don't Know","I'm neutral about it","Fault-A","I'm neutral about it","Fault-B","I'm neutral about it","Fault-B","I agree somewhat","Don't Know","I'm neutral about it","Fault-B","I'm neutral about it","Fault-B","I agree somewhat","Don't Know","I'm neutral about it","Fault-B","I agree somewhat","Fault-A","I'm neutral about it","Fault-B","I'm neutral about it","Don't Know","I'm neutral about it","Fault-A","I agree somewhat","Fault-A","I'm neutral about it","Fault-A","I agree somewhat","Fault-A","I'm neutral about it","Fault-B","I agree somewhat","1,39,38,37,36,43,176,337,335,213,260,317,201,240,297,210,258,315,209,257,314,231,244,218,265,323,220,270,327,206,254,311,211,271,328,202,239,296,193,287,307,208,256,313,212,259,316,207,255,312,278,253,222,269,326,221,267,325,198,245,301,215,262,319,197,246,302,203,235,292,195,248,304,191,277,309,217,264,322,281,285,204,243,293,196,247,303,214,261,318,178,233,336,225,272,329,200,241,298,224,237,294,227,274,332,199,242,299,283,284,194,250,306,205,249,305,226,273,331,216,263,321,192,252,308,219,266,324,223,238,295,230,276,334,228,339,275,286",""
"28","Jul 5, 2023 10:45:41 am","Jul 5, 2023 10:55:14 am","Complete","","","English","https://app.prolific.co/","1688568341_64a58215667a62.16164378","","","By checking this box, I confirm that I agree to the above and consent to take part in this study","60ff1c4320abc7654eead0b0","1943","Female","","22","Fault-X","I agree strongly","Fault-A","I agree strongly","Fault-B","I agree somewhat","Fault-A","I agree strongly","Fault-A","I agree strongly","Fault-B","I'm neutral about it","Fault-A","I agree strongly","Fault-B","I'm neutral about it","Fault-B","I agree strongly","Fault-A","I agree strongly","Fault-B","I agree strongly","Fault-B","I agree somewhat","Fault-B","I agree somewhat","Fault-B","I agree somewhat","Fault-B","I agree strongly","Don't Know","","Fault-A","I agree strongly","Fault-A","I agree strongly","Fault-A","I agree strongly","Fault-A","I agree somewhat","Fault-B","I agree strongly","Fault-A","I agree strongly","Fault-B","I agree somewhat","Fault-A","I agree strongly","Fault-B","I agree strongly","Don't Know","","Fault-B","I'm neutral about it","Fault-A","I agree strongly","Don't Know","I'm neutral about it","Fault-A","I agree somewhat","Fault-B","I agree strongly","Fault-B","I agree somewhat","Fault-A","I agree strongly","Fault-B","I'm neutral about it","Fault-B","I agree somewhat","Don't Know","","Fault-B","I agree somewhat","Fault-A","I agree strongly","Fault-A","I agree somewhat","Fault-A","I'm neutral about it","Fault-A","I agree strongly","Fault-A","I agree strongly","Fault-A","I agree strongly","Fault-A","I agree strongly","Fault-B","I'm neutral about it","1,39,38,37,36,43,176,337,335,213,260,317,218,265,323,217,264,322,219,266,324,231,244,227,274,332,197,246,302,230,276,334,195,248,304,178,233,336,214,261,318,318,318,194,250,306,204,243,293,212,259,316,278,253,205,249,305,202,239,296,196,247,303,224,237,294,207,255,312,192,252,308,228,339,275,208,256,313,209,257,314,281,285,198,245,301,200,241,298,199,242,299,216,263,321,215,262,319,210,258,315,193,287,307,225,272,329,221,267,325,283,284,206,254,311,201,240,297,226,273,331,223,238,295,203,235,292,220,270,327,211,271,328,191,277,309,222,269,326,286",""
"29","Jul 5, 2023 10:45:31 am","Jul 5, 2023 11:01:54 am","Complete","","","English","https://app.prolific.co/","1688568331_64a5820bcae3f3.21749677","","","By checking this box, I confirm that I agree to the above and consent to take part in this study","5dae529fe663620012e038b6","18914","Female","","51","Fault-X","I'm neutral about it","Fault-A","I agree strongly","Fault-B","I agree strongly","Fault-A","I agree somewhat","Fault-A","I agree strongly","Fault-B","I agree somewhat","Fault-A","I agree somewhat","Fault-B","I agree somewhat","Fault-B","I agree somewhat","Fault-A","I agree strongly","Fault-B","I agree strongly","Fault-B","I agree somewhat","Fault-B","I agree somewhat","Fault-B","I agree strongly","Fault-B","I agree somewhat","Don't Know","","Fault-A","I agree somewhat","Fault-A","I agree strongly","Fault-A","I agree somewhat","Fault-A","I agree somewhat","Fault-B","I agree strongly","Fault-A","I'm neutral about it","Fault-B","I agree somewhat","Fault-A","I agree strongly","Fault-B","I agree somewhat","Don't Know","","Fault-B","I agree somewhat","Fault-A","I agree somewhat","Fault-B","I agree strongly","Fault-A","I agree somewhat","Fault-B","I agree strongly","Fault-B","I'm neutral about it","Fault-A","I agree somewhat","Fault-B","I agree somewhat","Don't Know","I'm neutral about it","Don't Know","","Fault-B","I agree strongly","Fault-A","I agree somewhat","Fault-A","I agree somewhat","Fault-B","I'm neutral about it","Fault-A","I agree strongly","Fault-A","I agree strongly","Fault-A","I agree somewhat","Fault-A","I agree somewhat","Fault-B","I agree somewhat","1,39,38,37,36,43,176,337,335,219,266,324,222,269,326,199,242,299,178,233,336,231,244,207,255,312,211,271,328,206,254,311,227,274,332,204,243,293,215,262,319,200,241,298,196,247,303,192,252,308,278,253,198,245,301,217,264,322,220,270,327,195,248,304,216,263,321,230,276,334,213,260,317,193,287,307,225,272,329,281,285,210,258,315,209,257,314,223,238,295,226,273,331,218,265,323,191,277,309,194,250,306,205,249,305,224,237,294,283,284,214,261,318,203,235,292,208,256,313,228,339,275,212,259,316,221,267,325,197,246,302,202,239,296,201,240,297,286",""
"30","Jul 5, 2023 10:45:57 am","Jul 5, 2023 11:01:17 am","Complete","","","English","https://app.prolific.co/","1688568357_64a58225c43d97.44884181","","","By checking this box, I confirm that I agree to the above and consent to take part in this study","63a7036757c246aaa3ad90f5","110568","Female","","55","Fault-X","I agree somewhat","Fault-A","I'm neutral about it","Fault-A","I'm neutral about it","Fault-A","I'm neutral about it","Fault-B","I agree somewhat","Fault-B","I'm neutral about it","Fault-A","I'm neutral about it","Fault-B","I'm neutral about it","Fault-A","I'm neutral about it","Fault-A","I agree somewhat","Fault-A","I'm neutral about it","Fault-B","I'm neutral about it","Fault-B","I'm neutral about it","Fault-B","I'm neutral about it","Fault-B","I agree somewhat","Don't Know","","Fault-A","I'm neutral about it","Fault-A","I'm neutral about it","Fault-A","I'm neutral about it","Fault-A","I'm neutral about it","Fault-B","I'm neutral about it","Fault-B","I'm neutral about it","Fault-B","I'm neutral about it","Fault-A","I'm neutral about it","Fault-A","I'm neutral about it","Don't Know","I'm neutral about it","Fault-B","I agree somewhat","Fault-A","I'm neutral about it","Fault-B","I'm neutral about it","Don't Know","I'm neutral about it","Fault-A","I'm neutral about it","Fault-A","I'm neutral about it","Fault-A","I'm neutral about it","Fault-B","I'm neutral about it","Fault-A","I'm neutral about it","Don't Know","I agree strongly","Fault-B","I'm neutral about it","Fault-A","I'm neutral about it","Fault-A","I'm neutral about it","Fault-B","I agree somewhat","Fault-A","I agree somewhat","Fault-A","I'm neutral about it","Fault-A","I agree somewhat","Fault-A","I'm neutral about it","Fault-B","I agree somewhat","1,39,38,37,36,43,176,337,335,208,256,313,210,258,315,221,267,325,200,241,298,231,244,226,273,331,195,248,304,211,271,328,224,237,294,213,260,317,209,257,314,198,245,301,218,265,323,220,270,327,278,253,207,255,312,192,252,308,217,264,322,194,250,306,204,243,293,215,262,319,205,249,305,222,269,326,197,246,302,281,285,203,235,292,227,274,332,199,242,299,196,247,303,206,254,311,178,233,336,193,287,307,219,266,324,214,261,318,283,284,225,272,329,216,263,321,202,239,296,228,339,275,191,277,309,223,238,295,230,276,334,201,240,297,212,259,316,286",""
"31","Jul 5, 2023 10:45:57 am","Jul 5, 2023 11:02:27 am","Complete","","","English","https://app.prolific.co/","1688568357_64a582253901f2.38341646","","","By checking this box, I confirm that I agree to the above and consent to take part in this study","5d8669bd2efdc9001685c7ab","2579","Female","","43","Fault-X","I agree somewhat","Fault-A","I agree somewhat","Fault-B","I agree somewhat","Fault-A","I agree strongly","Fault-A","I agree somewhat","Fault-B","I'm neutral about it","Fault-A","I agree somewhat","Fault-B","I agree strongly","Fault-B","I agree strongly","Fault-A","I agree strongly","Fault-B","I agree strongly","Fault-B","I agree strongly","Fault-A","I agree strongly","Fault-B","I agree somewhat","Fault-B","I agree strongly","Don't Know","I agree strongly","Fault-A","I agree somewhat","Fault-A","I agree strongly","Fault-A","I agree strongly","Fault-A","I'm neutral about it","Fault-A","I'm neutral about it","Fault-A","I agree somewhat","Fault-B","I agree strongly","Fault-A","I agree strongly","Fault-B","I agree strongly","Don't Know","I'm neutral about it","Fault-A","I agree somewhat","Fault-A","I agree strongly","Fault-B","I agree strongly","Fault-A","I agree somewhat","Fault-B","I agree strongly","Fault-A","I agree somewhat","Fault-A","I agree somewhat","Fault-B","I'm neutral about it","Fault-B","I agree strongly","Don't Know","","Fault-B","I agree strongly","Fault-B","I'm neutral about it","Fault-B","I'm neutral about it","Fault-B","I agree strongly","Fault-A","I agree somewhat","Fault-A","I agree somewhat","Fault-A","I agree strongly","Fault-A","I agree strongly","Fault-B","I agree strongly","1,39,38,37,36,43,176,337,335,210,258,315,216,263,321,228,339,275,197,246,302,231,244,222,269,326,218,265,323,191,277,309,225,272,329,178,233,336,203,235,292,224,237,294,226,273,331,196,247,303,278,253,202,239,296,194,250,306,206,254,311,205,249,305,214,261,318,230,276,334,195,248,304,192,252,308,207,255,312,281,285,199,242,299,198,245,301,211,271,328,201,240,297,219,266,324,212,259,316,209,257,314,208,256,313,215,262,319,283,284,213,260,317,223,238,295,227,274,332,221,267,325,200,241,298,217,264,322,220,270,327,204,243,293,193,287,307,286",""
"32","Jul 5, 2023 10:46:19 am","Jul 5, 2023 11:01:13 am","Complete","","","English","https://app.prolific.co/","1688568379_64a5823bca4b34.88293640","","","By checking this box, I confirm that I agree to the above and consent to take part in this study","5654166804212700054a12aa","0507230705","Male","","62","Fault-X","I agree somewhat","Fault-A","I agree somewhat","Fault-B","I agree somewhat","Fault-B","I'm neutral about it","Fault-A","I agree somewhat","Fault-B","I agree somewhat","Fault-A","I agree strongly","Fault-B","I agree strongly","Fault-B","I agree somewhat","Fault-A","I agree somewhat","Fault-B","I agree somewhat","Fault-B","I agree somewhat","Fault-B","I agree strongly","Fault-B","I agree strongly","Fault-B","I agree somewhat","Fault-B","I agree somewhat","Fault-A","I agree somewhat","Fault-A","I agree somewhat","Fault-A","I agree somewhat","Fault-B","I'm neutral about it","Fault-B","I agree somewhat","Fault-A","I agree strongly","Fault-B","I agree somewhat","Fault-A","I'm neutral about it","Fault-B","I agree somewhat","Don't Know","","Fault-B","I'm neutral about it","Fault-A","I agree somewhat","Fault-B","I agree strongly","Fault-A","I agree somewhat","Fault-B","I agree somewhat","Fault-B","I agree somewhat","Fault-A","I'm neutral about it","Fault-B","I agree somewhat","Fault-B","I agree somewhat","Don't Know","","Fault-B","I agree somewhat","Fault-A","I agree somewhat","Fault-A","I agree somewhat","Fault-B","I'm neutral about it","Fault-A","I agree somewhat","Fault-A","I agree somewhat","Fault-A","I agree strongly","Fault-A","I agree somewhat","Fault-B","I agree somewhat","1,39,38,37,36,43,43,176,337,335,204,243,293,206,254,311,211,271,328,227,274,332,231,244,207,255,312,223,238,295,222,269,326,202,239,296,197,246,302,224,237,294,220,270,327,213,260,317,203,235,292,278,253,228,339,275,205,249,305,216,263,321,194,250,306,201,240,297,217,264,322,218,265,323,214,261,318,193,287,307,281,285,178,233,336,192,252,308,225,272,329,226,273,331,195,248,304,209,257,314,215,262,319,200,241,298,196,247,303,283,284,210,258,315,191,277,309,199,242,299,221,267,325,219,266,324,208,256,313,230,276,334,212,259,316,198,245,301,286",""
"33","Jul 5, 2023 10:47:40 am","Jul 5, 2023 10:58:27 am","Complete","","","English","https://app.prolific.co/","1688568460_64a5828c420ea4.99844483","","","By checking this box, I confirm that I agree to the above and consent to take part in this study","6123b3e94e20b1907434d60a","3902587","Female","","35","Fault-X","I agree somewhat","Fault-A","I agree somewhat","Fault-B","I agree somewhat","Fault-A","I agree somewhat","Fault-A","I agree somewhat","Fault-A","I agree somewhat","Fault-A","I agree somewhat","Fault-B","I agree somewhat","Fault-B","I agree somewhat","Fault-A","I agree somewhat","Fault-B","I'm neutral about it","Fault-B","I agree somewhat","Fault-B","I agree somewhat","Fault-B","I agree somewhat","Fault-B","I agree somewhat","Don't Know","I'm neutral about it","Fault-A","I agree somewhat","Fault-A","I agree somewhat","Fault-A","I agree somewhat","Fault-A","I agree somewhat","Fault-B","I agree somewhat","Fault-A","I agree somewhat","Fault-B","I agree somewhat","Fault-A","I agree somewhat","Fault-B","I agree somewhat","Don't Know","I'm neutral about it","Fault-B","I agree somewhat","Fault-A","I agree somewhat","Fault-B","I agree somewhat","Fault-A","I agree somewhat","Fault-B","I agree somewhat","Fault-B","I agree somewhat","Fault-A","I agree somewhat","Fault-B","I agree somewhat","Fault-B","I agree somewhat","Don't Know","I'm neutral about it","Fault-B","I agree somewhat","Fault-A","I agree somewhat","Fault-A","I agree somewhat","Don't Know","I'm neutral about it","Fault-A","I agree somewhat","Fault-A","I agree somewhat","Fault-A","I agree somewhat","Fault-A","I agree somewhat","Fault-B","I agree somewhat","1,39,38,37,36,43,176,337,335,211,271,328,205,249,305,221,267,325,199,242,299,231,244,209,257,314,192,252,308,208,256,313,228,339,275,224,237,294,195,248,304,203,235,292,191,277,309,227,274,332,278,253,197,246,302,193,287,307,230,276,334,202,239,296,196,247,303,214,261,318,216,263,321,210,258,315,223,238,295,281,285,201,240,297,198,245,301,215,262,319,222,269,326,218,265,323,207,255,312,217,264,322,213,260,317,200,241,298,283,284,204,243,293,206,254,311,225,272,329,178,233,336,220,270,327,226,273,331,212,259,316,219,266,324,194,250,306,286",""
"34","Jul 5, 2023 10:48:10 am","Jul 5, 2023 10:59:33 am","Complete","","","English","https://app.prolific.co/","1688568490_64a582aa38fab2.56143417","","","By checking this box, I confirm that I agree to the above and consent to take part in this study","5a598f2b8e6259000175f094","MLB1304","Female","","36","Fault-X","I'm neutral about it","Fault-A","I agree somewhat","Fault-B","I agree somewhat","Fault-A","I'm neutral about it","Fault-A","I agree somewhat","Fault-B","I'm neutral about it","Fault-A","I'm neutral about it","Fault-B","I'm neutral about it","Fault-B","I'm neutral about it","Fault-A","I agree somewhat","Fault-B","I agree somewhat","Fault-B","I'm neutral about it","Fault-B","I'm neutral about it","Fault-B","I agree somewhat","Fault-B","I agree somewhat","Don't Know","I agree somewhat","Fault-A","I agree somewhat","Fault-A","I agree somewhat","Fault-A","I agree somewhat","Fault-A","I agree somewhat","Fault-B","I agree somewhat","Fault-A","I'm neutral about it","Fault-B","I agree somewhat","Fault-B","I'm neutral about it","Fault-B","I agree somewhat","Don't Know","","Fault-B","I'm neutral about it","Fault-A","I agree somewhat","Fault-B","I agree somewhat","Fault-A","I agree somewhat","Fault-B","I agree somewhat","Fault-B","I agree somewhat","Fault-B","I agree somewhat","Fault-B","I'm neutral about it","Fault-B","I'm neutral about it","Don't Know","","Fault-B","I agree somewhat","Fault-A","I agree somewhat","Fault-A","I agree somewhat","Fault-B","I'm neutral about it","Fault-A","I agree somewhat","Fault-A","I agree somewhat","Fault-A","I agree somewhat","Fault-A","I'm neutral about it","Fault-B","I agree somewhat","1,39,38,37,36,43,176,337,335,217,264,322,226,273,331,192,252,308,208,256,313,231,244,218,265,323,197,246,302,198,245,301,219,266,324,214,261,318,201,240,297,221,267,325,203,235,292,222,269,326,278,253,213,260,317,205,249,305,191,277,309,206,254,311,227,274,332,204,243,293,230,276,334,224,237,294,215,262,319,281,285,220,270,327,225,272,329,194,250,306,199,242,299,209,257,314,228,339,275,211,271,328,223,238,295,200,241,298,283,284,202,239,296,195,248,304,210,258,315,178,233,336,212,259,316,196,247,303,193,287,307,216,263,321,207,255,312,286",""
"35","Jul 5, 2023 10:48:28 am","Jul 5, 2023 11:19:44 am","Complete","","","English","https://app.prolific.co/","1688568508_64a582bcb512a6.34220196","","","By checking this box, I confirm that I agree to the above and consent to take part in this study","59bfff00580aa700019e6de2","0623","Female","","39","Fault-X","I'm neutral about it","Fault-A","I agree somewhat","Fault-B","I agree somewhat","Fault-A","I agree strongly","Fault-A","I agree somewhat","Fault-B","I agree strongly","Fault-B","I'm neutral about it","Fault-B","I agree strongly","Fault-A","I agree somewhat","Fault-B","I agree strongly","Fault-A","I agree somewhat","Fault-B","I agree strongly","Fault-A","I agree strongly","Fault-B","I agree strongly","Fault-B","I agree strongly","Fault-A","I'm neutral about it","Fault-A","I agree somewhat","Fault-A","I agree strongly","Fault-B","I agree strongly","Fault-B","I agree somewhat","Fault-B","I agree strongly","Fault-B","I agree somewhat","Fault-B","I'm neutral about it","Fault-B","I agree strongly","Fault-A","I agree somewhat","Don't Know","","Fault-B","I agree strongly","Fault-A","I agree somewhat","Fault-B","I agree strongly","Fault-A","I agree somewhat","Fault-A","I agree somewhat","Fault-A","I agree strongly","Fault-A","I agree somewhat","Fault-A","I agree somewhat","Fault-A","I agree somewhat","Don't Know","","Fault-B","I'm neutral about it","Fault-B","I agree strongly","Fault-A","I agree somewhat","Fault-B","I agree strongly","Fault-A","I agree strongly","Fault-B","I agree somewhat","Fault-A","I agree strongly","Fault-A","I agree strongly","Fault-B","I agree somewhat","1,39,38,37,36,43,176,337,335,207,255,312,218,265,323,194,250,306,228,339,275,231,244,224,237,294,294,215,262,319,196,247,303,195,248,304,214,261,318,191,277,309,202,239,296,216,263,321,225,272,329,278,253,198,245,301,204,243,293,211,271,328,205,249,305,192,252,308,197,246,302,178,233,336,210,258,315,226,273,331,281,285,208,256,313,206,254,311,221,267,325,227,274,332,222,269,326,201,240,297,213,260,317,203,235,292,212,259,316,283,284,230,276,334,219,266,324,217,264,322,193,287,307,200,241,298,209,257,314,199,242,299,223,238,295,220,270,327,286",""
"36","Jul 5, 2023 10:48:52 am","Jul 5, 2023 11:07:37 am","Complete","","","English","https://app.prolific.co/","1688568531_64a582d3efa925.26061780","","","By checking this box, I confirm that I agree to the above and consent to take part in this study","61616be05ae154954284279e","1451","Female","","21","Fault-X","I agree somewhat","Fault-A","I agree strongly","Fault-B","I agree strongly","Fault-A","I agree strongly","Fault-A","I agree strongly","Fault-B","I agree somewhat","Fault-A","I agree strongly","Fault-B","I agree strongly","Fault-B","I agree strongly","Fault-A","I agree strongly","Fault-B","I agree strongly","Fault-A","I agree somewhat","Fault-B","I agree strongly","Fault-B","I agree strongly","Fault-B","I agree strongly","Fault-B","I agree somewhat","Fault-A","I'm neutral about it","Fault-A","I agree strongly","Fault-A","I agree strongly","Fault-B","I agree somewhat","Fault-B","I agree somewhat","Fault-A","I agree strongly","Fault-B","I agree strongly","Fault-A","I agree strongly","Fault-B","I agree strongly","Don't Know","","Fault-B","I agree somewhat","Fault-A","I agree strongly","Fault-B","I agree strongly","Fault-A","I agree somewhat","Fault-B","I agree somewhat","Fault-B","I agree strongly","Fault-A","I agree somewhat","Fault-B","I agree strongly","Fault-B","I agree strongly","Don't Know","","Fault-B","I agree strongly","Fault-A","I agree strongly","Fault-A","I agree strongly","Fault-B","I agree somewhat","Fault-B","I agree somewhat","Fault-A","I agree somewhat","Fault-B","I agree somewhat","Fault-A","I agree somewhat","Fault-B","I agree somewhat","1,39,38,37,36,43,176,337,335,191,277,309,215,262,319,217,264,322,195,248,304,231,244,227,274,332,205,249,305,225,272,329,199,242,299,211,271,328,226,273,331,196,247,303,209,257,314,224,237,294,278,253,202,239,296,213,260,317,192,252,308,193,287,307,178,233,336,219,266,324,206,254,311,210,258,315,197,246,302,281,285,220,270,327,204,243,293,194,250,306,212,259,316,203,235,292,228,339,275,214,261,318,208,256,313,207,255,312,283,284,218,265,323,200,241,298,221,267,325,222,269,326,201,240,297,230,276,334,223,238,295,216,263,321,198,245,301,286",""
"37","Jul 5, 2023 12:09:03 pm","Jul 5, 2023 12:26:47 pm","Complete","","","English","https://app.prolific.co/","1688573342_64a5959eec6d85.59641366","","","By checking this box, I confirm that I agree to the above and consent to take part in this study","5eff6065cc8d32014292657f","110112","Female","","35","Fault-X","I agree somewhat","Fault-A","I agree strongly","Fault-B","I agree strongly","Fault-A","I agree strongly","Fault-A","I agree strongly","Fault-B","I agree somewhat","Don't Know","I'm neutral about it","Fault-B","I agree strongly","Fault-B","I agree strongly","Fault-A","I agree somewhat","Fault-B","I agree strongly","Fault-B","I agree somewhat","Fault-B","I agree somewhat","Fault-B","I agree strongly","Fault-B","I agree somewhat","Don't Know","","Fault-A","I agree somewhat","Fault-A","I agree somewhat","Fault-A","I agree somewhat","Fault-B","I agree somewhat","Don't Know","I'm neutral about it","Fault-A","I'm neutral about it","Fault-A","I agree somewhat","Fault-B","I agree somewhat","Fault-B","I agree somewhat","Don't Know","","Fault-B","I agree strongly","Fault-A","I agree strongly","Fault-B","I agree somewhat","Fault-A","I agree somewhat","Fault-B","I agree strongly","Fault-B","I agree strongly","Fault-A","I agree somewhat","Fault-A","I agree somewhat","Fault-A","I agree somewhat","Don't Know","","Fault-B","I agree strongly","Fault-A","I agree strongly","Fault-B","I agree somewhat","Fault-B","I'm neutral about it","Fault-A","I agree strongly","Fault-A","I agree strongly","Fault-A","I agree strongly","Fault-A","I agree somewhat","Fault-B","I agree strongly","1,39,38,37,36,43,176,337,335,191,277,309,195,248,304,206,254,311,225,272,329,231,244,196,247,303,203,235,292,197,246,302,210,258,315,224,237,294,223,238,295,201,240,297,198,245,301,202,239,296,278,253,218,265,323,199,242,299,214,261,318,215,262,319,178,233,336,204,243,293,227,274,332,217,264,322,230,276,334,281,285,211,271,328,228,339,275,207,255,312,193,287,307,192,252,308,219,266,324,208,256,313,205,249,305,216,263,321,283,284,194,250,306,212,259,316,200,241,298,220,270,327,221,267,325,226,273,331,213,260,317,222,269,326,209,257,314,286",""
