Response ID,Time Started,Date Submitted,Status,Legacy Comments,Comments,Language,Referer,SessionID,User Agent,Tags,"By checking this box, I confirm that I agree to the above and consent to take part in this study:Please indicate your consent by checking the box below.",Please enter your Prolific ID:,Please enter your unique code:,Please select your gender:,Other (specify):Please select your gender:,Please enter your age (in years):,Task 1: The fault shown in the practice chart is:  ,Task 2: I am confident that my choice is correct:  ,Task 1: The fault shown in the chart is:  ,Task 2: I am confident that my choice is correct:  ,Task 1: The fault shown in the chart is:  ,Task 2: I am confident that my choice is correct:  ,Task 1: The fault shown in the chart is:  ,Task 2: I am confident that my choice is correct:  ,Task 1: The fault shown in the chart is:  ,Task 2: I am confident that my choice is correct:  ,Task 1: Please click on the Don't Know button:  ,Task 2: You do not have to make a confidence choice below:  ,Task 1: The fault shown in the chart is:  ,Task 2: I am confident that my choice is correct:  ,Task 1: The fault shown in the chart is:  ,Task 2: I am confident that my choice is correct:  ,Task 1: The fault shown in the chart is:  ,Task 2: I am confident that my choice is correct:  ,Task 1: The fault shown in the chart is:  ,Task 2: I am confident that my choice is correct:  ,Task 1: The fault shown in the chart is:  ,Task 2: I am confident that my choice is correct:  ,Task 1: The fault shown in the chart is:  ,Task 2: I am confident that my choice is correct:  ,Task 1: The fault shown in the chart is:  ,Task 2: I am confident that my choice is correct:  ,Task 1: The fault shown in the chart is:  ,Task 2: I am confident that my choice is correct:  ,Task 1: The fault shown in the chart is:  ,Task 2: I am confident that my choice is correct:  ,Task 1: Please click on the Don't Know button:  ,Task 2: You do not have to make a confidence choice below:  ,Task 1: The fault shown in the chart is:  ,Task 2: I am confident that my choice is correct:  ,Task 1: The fault shown in the chart is:  ,Task 2: I am confident that my choice is correct:  ,Task 1: The fault shown in the chart is:  ,Task 2: I am confident that my choice is correct:  ,Task 1: The fault shown in the chart is:  ,Task 2: I am confident that my choice is correct:  ,Task 1: The fault shown in the chart is:  ,Task 2: I am confident that my choice is correct:  ,Task 1: The fault shown in the chart is:  ,Task 2: I am confident that my choice is correct:  ,Task 1: The fault shown in the chart is:  ,Task 2: I am confident that my choice is correct:  ,Task 1: The fault shown in the chart is:  ,Task 2: I am confident that my choice is correct:  ,Task 1: The fault shown in the chart is:  ,Task 2: I am confident that my choice is correct:  ,Task 1: Please click on the Don't Know button:  ,Task 2: You do not have to make a confidence choice below:  ,Task 1: The fault shown in the chart is:  ,Task 2: I am confident that my choice is correct:  ,Task 1: The fault shown in the chart is:  ,Task 2: I am confident that my choice is correct:  ,Task 1: The fault shown in the chart is:  ,Task 2: I am confident that my choice is correct:  ,Task 1: The fault shown in the chart is:  ,Task 2: I am confident that my choice is correct:  ,Task 1: The fault shown in the chart is:  ,Task 2: I am confident that my choice is correct:  ,Task 1: The fault shown in the chart is:  ,Task 2: I am confident that my choice is correct:  ,Task 1: The fault shown in the chart is:  ,Task 2: I am confident that my choice is correct:  ,Task 1: The fault shown in the chart is:  ,Task 2: I am confident that my choice is correct:  ,Task 1: The fault shown in the chart is:  ,Task 2: I am confident that my choice is correct:  ,Task 1: Please click on the Don't Know button:  ,Task 2: You do not have to make a confidence choice below:  ,Task 1: The fault shown in the chart is:  ,Task 2: I am confident that my choice is correct:  ,Task 1: The fault shown in the chart is:  ,Task 2: I am confident that my choice is correct:  ,Task 1: The fault shown in the chart is:  ,Task 2: I am confident that my choice is correct:  ,Task 1: The fault shown in the chart is:  ,Task 2: I am confident that my choice is correct:  ,Task 1: The fault shown in the chart is:  ,Task 2: I am confident that my choice is correct:  ,Task 1: The fault shown in the chart is:  ,Task 2: I am confident that my choice is correct:  ,Task 1: The fault shown in the chart is:  ,Task 2: I am confident that my choice is correct:  ,Task 1: The fault shown in the chart is:  ,Task 2: I am confident that my choice is correct:  ,Task 1: The fault shown in the chart is:  ,Task 2: I am confident that my choice is correct:  ,Page path,Prolific Redirect
6,"Jun 23, 2023 7:50:01 am","Jun 23, 2023 8:15:45 am",Complete,,,English,https://app.prolific.co/,1687521001_649586e9190c09.94980044,,,"By checking this box, I confirm that I agree to the above and consent to take part in this study",6102881363235d97493afbdb,170403,Other (specify),Transgender man ,20,Fault-X,I agree somewhat,Fault-A,I agree somewhat,Fault-B,I'm neutral about it,Fault-A,I'm neutral about it,Fault-A,I agree strongly,Fault-B,I agree somewhat,Fault-A,I agree somewhat,Fault-B,I'm neutral about it,Fault-B,I'm neutral about it,Fault-B,I'm neutral about it,Fault-B,I agree somewhat,Fault-B,I agree somewhat,Fault-B,I'm neutral about it,Fault-B,I agree somewhat,Fault-B,I'm neutral about it,Don't Know,,Fault-B,I'm neutral about it,Fault-A,I'm neutral about it,Fault-A,I agree somewhat,Fault-A,I'm neutral about it,Fault-A,I'm neutral about it,Fault-B,I'm neutral about it,Fault-A,I agree somewhat,Fault-A,I agree somewhat,Fault-B,I'm neutral about it,Don't Know,,Fault-A,I'm neutral about it,Fault-A,I'm neutral about it,Fault-A,I'm neutral about it,Fault-A,I agree somewhat,Fault-A,I'm neutral about it,Fault-B,I agree strongly,Fault-B,I'm neutral about it,Fault-B,I'm neutral about it,Fault-A,I'm neutral about it,Don't Know,,Fault-B,I'm neutral about it,Fault-A,I agree somewhat,Fault-B,I agree somewhat,Fault-A,I'm neutral about it,Fault-A,I'm neutral about it,Fault-A,I agree somewhat,Fault-A,I'm neutral about it,Fault-B,I'm neutral about it,Fault-A,I'm neutral about it,"1,39,38,37,36,43,176,337,335,197,246,302,222,269,326,224,237,294,216,263,321,231,244,199,242,299,196,247,303,219,266,324,208,256,313,207,255,312,218,265,323,178,233,336,202,239,296,192,252,308,278,253,214,261,318,223,238,295,205,249,305,220,270,327,230,276,334,200,241,298,194,250,306,227,274,332,226,273,331,281,285,211,271,328,198,245,301,221,267,325,217,264,322,191,277,309,204,243,293,193,287,307,212,259,316,201,240,297,283,284,213,260,317,203,235,292,195,248,304,210,258,315,228,275,333,209,257,314,206,254,311,225,272,329,215,262,319,286",
7,"Jun 23, 2023 7:56:23 am","Jun 23, 2023 8:08:26 am",Complete,,,English,https://app.prolific.co/,1687521383_64958867520774.07487438,,,"By checking this box, I confirm that I agree to the above and consent to take part in this study",5eaae8a605726e074ba33e6a,5860,Male,,50,Fault-X,I agree strongly,Fault-A,I agree strongly,Fault-B,I agree strongly,Fault-A,I agree strongly,Fault-A,I agree strongly,Don't Know,,Fault-A,I agree strongly,Fault-B,I agree strongly,Fault-B,I agree strongly,Fault-A,I agree strongly,Fault-B,I agree strongly,Fault-B,I agree strongly,Fault-B,I agree strongly,Fault-B,I agree strongly,Fault-A,I'm neutral about it,Don't Know,,Fault-A,I agree strongly,Fault-A,I agree strongly,Fault-A,I agree strongly,Fault-A,I agree strongly,Fault-B,I agree somewhat,Fault-A,I agree somewhat,Fault-B,I agree strongly,Fault-A,I agree strongly,Fault-B,I agree strongly,Don't Know,,Fault-B,I agree strongly,Fault-A,I agree strongly,Fault-B,I agree strongly,Fault-A,I agree strongly,Fault-B,I agree strongly,Fault-B,I agree strongly,Fault-A,I agree strongly,Fault-B,I agree strongly,Fault-B,I agree strongly,Don't Know,,Fault-B,I agree strongly,Fault-A,I agree strongly,Fault-A,I agree strongly,Fault-B,I agree somewhat,Fault-A,I agree strongly,Fault-A,I agree strongly,Fault-A,I agree strongly,Fault-A,I agree strongly,Fault-B,I agree strongly,"1,39,38,37,36,43,176,337,335,195,248,304,191,277,309,228,275,333,209,257,314,231,244,206,254,311,193,287,307,208,256,313,219,266,324,215,262,319,204,243,293,203,235,292,224,237,294,178,233,336,278,253,222,269,326,220,270,327,210,258,315,225,272,329,211,271,328,223,238,295,227,274,332,221,267,325,196,247,303,281,285,202,239,296,226,273,331,198,245,301,216,263,321,199,242,299,214,261,318,201,240,297,194,250,306,200,241,298,283,284,217,264,322,205,249,305,218,265,323,197,246,302,192,252,308,212,259,316,230,276,334,213,260,317,207,255,312,286",
9,"Jun 23, 2023 8:00:56 am","Jun 23, 2023 8:19:15 am",Complete,,,English,https://app.prolific.co/,1687521656_64958978105b99.37593359,,,"By checking this box, I confirm that I agree to the above and consent to take part in this study",5d73d27e3a535600190c2985,1304,Female,,37,Fault-X,I agree somewhat,Fault-A,I agree strongly,Fault-A,I disagree somewhat,Fault-A,I'm neutral about it,Fault-A,I disagree somewhat,Don't Know,I agree somewhat,Fault-A,I agree strongly,Fault-B,I agree somewhat,Fault-B,I disagree somewhat,Fault-A,I agree somewhat,Fault-B,I disagree somewhat,Fault-B,I disagree somewhat,Fault-B,I agree somewhat,Fault-B,I agree somewhat,Don't Know,I agree somewhat,Don't Know,,Fault-A,I agree somewhat,Fault-A,I agree strongly,Fault-A,I agree strongly,Fault-A,I agree somewhat,Fault-A,I'm neutral about it,Fault-A,I'm neutral about it,Fault-B,I'm neutral about it,Fault-A,I'm neutral about it,Fault-B,I'm neutral about it,Don't Know,,Fault-B,I agree somewhat,Fault-A,I agree somewhat,Fault-B,I agree somewhat,Fault-A,I agree somewhat,Fault-B,I agree somewhat,Fault-B,I agree somewhat,Fault-A,I agree somewhat,Fault-A,I agree strongly,Don't Know,I'm neutral about it,Don't Know,,Don't Know,I agree somewhat,Fault-A,I agree strongly,Fault-A,I disagree somewhat,Fault-B,I disagree somewhat,Fault-A,I agree somewhat,Fault-A,I agree somewhat,Fault-A,I agree strongly,Fault-B,I agree somewhat,Fault-B,I agree somewhat,"1,39,38,37,36,43,176,337,335,219,266,324,214,261,318,207,255,312,205,249,305,231,244,228,275,333,192,252,308,212,259,316,196,247,303,221,267,325,210,258,315,209,257,314,200,241,298,213,260,317,278,253,193,287,307,201,240,297,224,237,294,202,239,296,217,264,322,218,265,323,208,256,313,204,243,293,197,246,302,281,285,211,271,328,194,250,306,195,248,304,203,235,292,206,254,311,215,262,319,230,276,334,216,263,321,178,233,336,283,284,199,242,299,223,238,295,227,274,332,198,245,301,226,273,331,225,272,329,220,270,327,222,269,326,191,277,309,286",
10,"Jun 23, 2023 8:01:58 am","Jun 23, 2023 8:11:59 am",Complete,,,English,https://app.prolific.co/,1687521718_649589b6758b70.27749370,,,"By checking this box, I confirm that I agree to the above and consent to take part in this study",59b69d4fb269ef0001801733,KJS8619,Male,,36,Fault-X,I agree somewhat,Fault-A,I agree strongly,Fault-A,I agree somewhat,Fault-A,I agree strongly,Fault-A,I agree strongly,Fault-A,I'm neutral about it,Fault-A,I agree strongly,Fault-B,I'm neutral about it,Fault-A,I agree somewhat,Fault-A,I agree somewhat,Fault-B,I'm neutral about it,Fault-B,I agree strongly,Fault-B,I agree strongly,Fault-B,I'm neutral about it,Fault-B,I'm neutral about it,Don't Know,I agree strongly,Fault-A,I'm neutral about it,Fault-A,I agree strongly,Fault-A,I agree strongly,Fault-B,I agree somewhat,Fault-A,I agree somewhat,Fault-A,I disagree somewhat,Fault-A,I agree somewhat,Fault-A,I'm neutral about it,Fault-B,I'm neutral about it,Don't Know,I agree strongly,Fault-B,I'm neutral about it,Fault-A,I agree somewhat,Fault-B,I agree somewhat,Fault-A,I agree strongly,Fault-B,I agree strongly,Fault-B,I agree somewhat,Fault-B,I agree strongly,Fault-A,I agree strongly,Fault-A,I'm neutral about it,Don't Know,I agree strongly,Fault-B,I'm neutral about it,Fault-A,I'm neutral about it,Fault-A,I agree somewhat,Fault-B,I agree somewhat,Fault-A,I'm neutral about it,Fault-B,I agree somewhat,Fault-A,I agree somewhat,Don't Know,I'm neutral about it,Fault-B,I agree strongly,"1,39,38,37,36,43,176,337,335,228,275,333,203,235,292,201,240,297,199,242,299,231,244,206,254,311,205,249,305,221,267,325,230,276,334,224,237,294,194,250,306,227,274,332,220,270,327,219,266,324,278,253,202,239,296,226,273,331,204,243,293,210,258,315,197,246,302,223,238,295,218,265,323,195,248,304,213,260,317,281,285,192,252,308,225,272,329,209,257,314,200,241,298,215,262,319,198,245,301,212,259,316,211,271,328,208,256,313,283,284,193,287,307,217,264,322,196,247,303,207,255,312,222,269,326,216,263,321,191,277,309,178,233,336,214,261,318,286",
11,"Jun 23, 2023 8:02:37 am","Jun 23, 2023 8:13:32 am",Complete,,,English,https://app.prolific.co/,1687521757_649589dd1da634.98128297,,,"By checking this box, I confirm that I agree to the above and consent to take part in this study",615751428f5b982adf71384e,265025,Male,,33,Fault-X,I disagree somewhat,Fault-A,I agree strongly,Fault-B,I agree strongly,Fault-A,I agree strongly,Fault-A,I agree strongly,Fault-A,I agree somewhat,Fault-A,I agree strongly,Fault-B,I agree strongly,Fault-A,I agree strongly,Fault-A,I agree somewhat,Don't Know,I'm neutral about it,Fault-B,I agree strongly,Fault-B,I agree strongly,Fault-B,I agree strongly,Fault-B,I'm neutral about it,Don't Know,I'm neutral about it,Fault-A,I agree strongly,Fault-A,I'm neutral about it,Fault-A,I agree strongly,Fault-A,I agree strongly,Fault-B,I agree somewhat,Fault-B,I agree somewhat,Fault-B,I'm neutral about it,Fault-A,I agree strongly,Fault-A,I'm neutral about it,Don't Know,I agree strongly,Fault-B,I agree strongly,Fault-A,I agree strongly,Fault-B,I agree strongly,Fault-B,I agree somewhat,Fault-B,I agree strongly,Fault-A,I agree strongly,Fault-B,I agree strongly,Fault-B,I agree strongly,Fault-B,I agree strongly,Don't Know,I agree strongly,Fault-A,I agree strongly,Fault-B,I agree strongly,Fault-A,I agree strongly,Fault-B,I agree strongly,Fault-A,I agree strongly,Fault-A,I'm neutral about it,Fault-A,I agree somewhat,Fault-A,I agree strongly,Fault-B,I agree strongly,"1,39,38,37,36,43,176,337,335,199,242,299,195,248,304,207,255,312,191,277,309,231,244,194,250,306,216,263,321,206,254,311,227,274,332,178,233,336,209,257,314,198,245,301,201,240,297,212,259,316,278,253,226,273,331,214,261,318,224,237,294,196,247,303,193,287,307,192,252,308,204,243,293,213,260,317,215,262,319,281,285,200,241,298,203,235,292,208,256,313,223,238,295,197,246,302,211,271,328,225,272,329,230,276,334,205,249,305,283,284,220,270,327,228,275,333,221,267,325,202,239,296,217,264,322,219,266,324,210,258,315,222,269,326,218,265,323,286",
12,"Jun 23, 2023 8:02:21 am","Jun 23, 2023 8:12:33 am",Complete,,,English,https://app.prolific.co/,1687521741_649589cda7fd16.86094011,,,"By checking this box, I confirm that I agree to the above and consent to take part in this study",5c364ce2ba92810001db13e8,4444,Male,,60,Fault-X,I'm neutral about it,Fault-A,I'm neutral about it,Fault-B,I'm neutral about it,Fault-A,I agree somewhat,Fault-A,I agree somewhat,Don't Know,I'm neutral about it,Fault-A,I agree somewhat,Fault-A,I agree somewhat,Fault-B,I agree somewhat,Fault-B,I'm neutral about it,Fault-B,I agree somewhat,Fault-B,I agree somewhat,Fault-B,I'm neutral about it,Fault-B,I agree somewhat,Fault-A,I'm neutral about it,Fault-B,I'm neutral about it,Fault-B,I'm neutral about it,Fault-A,I'm neutral about it,Fault-A,I'm neutral about it,Fault-B,I agree somewhat,Fault-B,I'm neutral about it,Fault-A,I agree somewhat,Fault-A,I agree somewhat,Fault-A,I'm neutral about it,Fault-B,I agree somewhat,Don't Know,I'm neutral about it,Fault-A,I agree somewhat,Fault-A,I agree somewhat,Fault-B,I agree somewhat,Fault-A,I'm neutral about it,Fault-B,I'm neutral about it,Fault-B,I'm neutral about it,Fault-A,I agree somewhat,Fault-A,I'm neutral about it,Fault-A,I'm neutral about it,Don't Know,,Fault-A,I'm neutral about it,Fault-A,I'm neutral about it,Fault-B,I agree somewhat,Fault-B,I agree somewhat,Fault-A,I'm neutral about it,Fault-A,I'm neutral about it,Fault-A,I agree strongly,Fault-A,I agree somewhat,Fault-B,I'm neutral about it,"1,39,38,37,36,43,176,337,335,203,235,292,178,233,336,202,239,296,205,249,305,231,244,206,254,311,228,275,333,212,259,316,217,264,322,216,263,321,213,260,317,224,237,294,199,242,299,226,273,331,278,253,197,246,302,204,243,293,227,274,332,211,271,328,208,256,313,223,238,295,210,258,315,191,277,309,209,257,314,281,285,207,255,312,201,240,297,221,267,325,222,269,326,200,241,298,196,247,303,215,262,319,230,276,334,195,248,304,283,284,198,245,301,214,261,318,219,266,324,192,252,308,218,265,323,220,270,327,193,287,307,194,250,306,225,272,329,286",
13,"Jun 23, 2023 8:03:24 am","Jun 23, 2023 8:11:36 am",Complete,,,English,https://app.prolific.co/,1687521804_64958a0c5bfaa5.42549362,,,"By checking this box, I confirm that I agree to the above and consent to take part in this study",5f85a45f06a86a03173750e6,3194,Male,,36,Fault-X,I'm neutral about it,Don't Know,I'm neutral about it,Fault-B,I agree somewhat,Fault-B,I agree somewhat,Fault-A,I'm neutral about it,Fault-B,I agree somewhat,Fault-A,I'm neutral about it,Fault-A,I agree somewhat,Fault-A,I'm neutral about it,Fault-A,I agree somewhat,Fault-B,I agree somewhat,Fault-B,I agree somewhat,Fault-B,I agree somewhat,Fault-B,I agree somewhat,Fault-B,I'm neutral about it,Fault-A,I agree somewhat,Fault-B,I'm neutral about it,Fault-B,I agree somewhat,Fault-B,I agree somewhat,Fault-A,I'm neutral about it,Fault-A,I'm neutral about it,Fault-B,I agree somewhat,Fault-B,I'm neutral about it,Fault-B,I'm neutral about it,Don't Know,I'm neutral about it,Fault-B,I'm neutral about it,Fault-B,I agree somewhat,Fault-A,I'm neutral about it,Fault-B,I agree somewhat,Fault-A,I'm neutral about it,Fault-B,I'm neutral about it,Fault-B,I'm neutral about it,Fault-B,I agree somewhat,Fault-A,I agree somewhat,Fault-B,I agree somewhat,Don't Know,I agree somewhat,Don't Know,I'm neutral about it,Fault-A,I agree somewhat,Don't Know,I'm neutral about it,Fault-B,I agree somewhat,Fault-A,I'm neutral about it,Fault-B,I agree somewhat,Fault-B,I agree somewhat,Fault-B,I agree somewhat,Fault-B,I agree somewhat,"1,39,38,37,36,43,176,337,335,209,257,314,196,247,303,204,243,293,212,259,316,231,244,217,264,322,192,252,308,207,255,312,191,277,309,219,266,324,202,239,296,221,267,325,218,265,323,208,256,313,278,253,222,269,326,197,246,302,225,272,329,211,271,328,200,241,298,216,263,321,201,240,297,227,274,332,210,258,315,281,285,178,233,336,228,275,333,220,270,327,230,276,334,213,260,317,206,254,311,223,238,295,203,235,292,226,273,331,283,284,194,250,306,205,249,305,215,262,319,198,245,301,193,287,307,199,242,299,195,248,304,224,237,294,214,261,318,286",
15,"Jun 23, 2023 8:04:08 am","Jun 23, 2023 8:17:54 am",Complete,,,English,https://app.prolific.co/,1687521848_64958a38677af8.64678108,,,"By checking this box, I confirm that I agree to the above and consent to take part in this study",5bb09ecf6322c50001584d36,pear juice,Male,,25,Fault-X,I'm neutral about it,Fault-A,I agree strongly,Fault-B,I agree somewhat,Fault-A,I agree strongly,Fault-A,I agree somewhat,Fault-A,I'm neutral about it,Fault-A,I agree somewhat,Fault-B,I agree somewhat,Fault-B,I agree strongly,Fault-A,I agree strongly,Fault-B,I agree somewhat,Fault-B,I agree somewhat,Fault-B,I agree somewhat,Fault-B,I agree somewhat,Fault-B,I agree strongly,Don't Know,,Fault-A,I agree strongly,Fault-A,I agree strongly,Fault-A,I'm neutral about it,Fault-A,I'm neutral about it,Fault-B,I agree strongly,Fault-A,I agree somewhat,Fault-B,I agree strongly,Fault-A,I agree strongly,Fault-B,I agree strongly,Don't Know,,Fault-B,I agree strongly,Fault-A,I agree strongly,Fault-B,I agree strongly,Fault-A,I'm neutral about it,Fault-B,I agree somewhat,Fault-B,I agree strongly,Don't Know,I'm neutral about it,Don't Know,I'm neutral about it,Fault-B,I agree somewhat,Don't Know,,Fault-B,I agree strongly,Fault-A,I agree strongly,Don't Know,I agree somewhat,Fault-B,I'm neutral about it,Fault-A,I agree strongly,Fault-A,I agree strongly,Fault-A,I agree strongly,Fault-A,I agree somewhat,Fault-B,I agree strongly,"1,39,38,37,36,43,176,337,335,193,287,307,223,238,295,192,252,308,203,235,292,231,244,201,240,297,212,259,316,224,237,294,191,277,309,194,250,306,230,276,334,178,233,336,207,255,312,220,270,327,278,253,204,243,293,211,271,328,197,246,302,205,249,305,222,269,326,199,242,299,196,247,303,214,261,318,213,260,317,281,285,215,262,319,202,239,296,227,274,332,217,264,322,210,258,315,218,265,323,208,256,313,216,263,321,219,266,324,283,284,209,257,314,200,241,298,195,248,304,206,254,311,225,272,329,228,275,333,221,267,325,226,273,331,198,245,301,286",
16,"Jun 23, 2023 8:04:24 am","Jun 23, 2023 8:19:06 am",Complete,,,English,https://app.prolific.co/,1687521864_64958a483dc863.27028662,,,"By checking this box, I confirm that I agree to the above and consent to take part in this study",5d4a077a879721001ade6dff,100942,Female,,66,Fault-X,I agree somewhat,Fault-A,I agree strongly,Fault-B,I disagree somewhat,Fault-A,I agree somewhat,Fault-B,I disagree somewhat,Fault-B,I disagree somewhat,Fault-B,I disagree somewhat,Fault-B,I agree strongly,Fault-B,I'm neutral about it,Fault-A,I agree somewhat,Fault-B,I agree somewhat,Fault-B,I'm neutral about it,Fault-A,I disagree strongly,Fault-A,I'm neutral about it,Fault-B,I'm neutral about it,Don't Know,,Fault-A,I agree strongly,Fault-A,I agree somewhat,Fault-A,I agree strongly,Fault-A,I agree strongly,Fault-A,I disagree strongly,Fault-A,I disagree somewhat,Fault-B,I disagree strongly,Fault-A,I agree strongly,Fault-B,I agree somewhat,Don't Know,,Fault-B,I disagree strongly,Fault-A,I disagree strongly,Fault-B,I'm neutral about it,Fault-A,I disagree somewhat,Fault-B,I agree strongly,Fault-B,I agree somewhat,Fault-A,I disagree somewhat,Fault-B,I disagree strongly,Fault-B,I'm neutral about it,Don't Know,,Fault-B,I disagree somewhat,Fault-A,I agree strongly,Fault-A,I disagree somewhat,Fault-B,I'm neutral about it,Fault-B,I disagree somewhat,Fault-A,I disagree somewhat,Fault-A,I agree somewhat,Fault-A,I agree strongly,Fault-B,I disagree somewhat,"1,39,38,37,36,43,176,337,335,197,246,302,196,247,303,223,238,295,224,237,294,231,244,226,273,331,225,272,329,191,277,309,212,259,316,210,258,315,218,265,323,221,267,325,203,235,292,201,240,297,278,253,214,261,318,213,260,317,206,254,311,220,270,327,195,248,304,217,264,322,194,250,306,230,276,334,207,255,312,281,285,199,242,299,200,241,298,227,274,332,205,249,305,216,263,321,215,262,319,193,287,307,198,245,301,178,233,336,283,284,219,266,324,204,243,293,192,252,308,209,257,314,202,239,296,222,269,326,211,271,328,208,256,313,228,275,333,286",
17,"Jun 23, 2023 8:04:16 am","Jun 23, 2023 8:25:51 am",Complete,,,English,https://app.prolific.co/,1687521856_64958a405c5541.57585661,,,"By checking this box, I confirm that I agree to the above and consent to take part in this study",62b2d042ae6609abd802aa95,2023ABC,Female,,54,Fault-X,I'm neutral about it,Fault-A,I'm neutral about it,Fault-B,I'm neutral about it,Fault-B,I'm neutral about it,Fault-A,I'm neutral about it,Don't Know,I'm neutral about it,Fault-B,I disagree somewhat,Fault-B,I disagree somewhat,Fault-B,I'm neutral about it,Fault-B,I disagree somewhat,Fault-B,I disagree somewhat,Fault-B,I'm neutral about it,Fault-B,I disagree somewhat,Fault-A,I disagree somewhat,Fault-A,I disagree somewhat,Don't Know,I'm neutral about it,Fault-A,I'm neutral about it,Fault-A,I agree somewhat,Fault-A,I agree somewhat,Fault-A,I'm neutral about it,Fault-B,I'm neutral about it,Fault-A,I disagree somewhat,Fault-A,I disagree somewhat,Fault-A,I disagree somewhat,Don't Know,I'm neutral about it,Don't Know,I'm neutral about it,Fault-A,I disagree somewhat,Fault-B,I disagree somewhat,Fault-B,I'm neutral about it,Don't Know,I'm neutral about it,Fault-B,I disagree somewhat,Fault-A,I agree somewhat,Fault-A,I disagree somewhat,Don't Know,I'm neutral about it,Fault-B,I'm neutral about it,Don't Know,,Fault-A,I disagree somewhat,Fault-A,I'm neutral about it,Fault-A,I'm neutral about it,Fault-A,I disagree somewhat,Fault-A,I'm neutral about it,Fault-A,I'm neutral about it,Fault-A,I'm neutral about it,Fault-A,I disagree somewhat,Fault-B,I disagree somewhat,"1,39,38,37,36,43,176,337,335,214,261,318,197,246,302,210,258,315,225,272,329,231,244,230,276,334,206,254,311,224,237,294,202,239,296,221,267,325,209,257,314,195,248,304,215,262,319,203,235,292,278,253,198,245,301,226,273,331,213,260,317,207,255,312,222,269,326,218,265,323,192,252,308,204,243,293,205,249,305,281,285,219,266,324,201,240,297,193,287,307,178,233,336,211,271,328,217,264,322,216,263,321,200,241,298,208,256,313,283,284,199,242,299,191,277,309,194,250,306,196,247,303,227,274,332,220,270,327,212,259,316,228,275,333,223,238,295,286",
18,"Jun 23, 2023 8:05:27 am","Jun 23, 2023 8:15:39 am",Complete,,,English,https://app.prolific.co/,1687521927_64958a87078cd3.31667964,,,"By checking this box, I confirm that I agree to the above and consent to take part in this study",5b7161c2ddd1aa00012c890c,ne22,Male,,32,Fault-X,I'm neutral about it,Fault-A,I agree strongly,Fault-B,I agree somewhat,Fault-A,I agree strongly,Fault-A,I agree strongly,Don't Know,I'm neutral about it,Fault-A,I agree somewhat,Fault-B,I agree strongly,Fault-B,I agree strongly,Fault-A,I agree strongly,Fault-B,I agree somewhat,Fault-B,I agree strongly,Fault-B,I agree somewhat,Fault-B,I agree strongly,Fault-B,I agree somewhat,Don't Know,,Fault-A,I agree strongly,Fault-A,I agree somewhat,Fault-A,I agree strongly,Fault-B,I agree strongly,Fault-B,I agree somewhat,Fault-A,I agree strongly,Fault-B,I agree somewhat,Fault-A,I agree strongly,Fault-B,I agree strongly,Don't Know,,Fault-B,I agree strongly,Fault-A,I'm neutral about it,Fault-B,I agree somewhat,Fault-A,I agree strongly,Fault-B,I agree strongly,Fault-B,I agree strongly,Fault-A,I disagree somewhat,Fault-B,I agree somewhat,Fault-B,I agree strongly,Don't Know,,Fault-B,I agree somewhat,Fault-A,I agree somewhat,Fault-A,I agree somewhat,Fault-B,I disagree somewhat,Fault-A,I agree somewhat,Fault-B,I'm neutral about it,Fault-A,I agree strongly,Fault-A,I agree somewhat,Fault-B,I agree strongly,"1,39,38,37,36,43,176,337,335,212,259,316,226,273,331,195,248,304,227,274,332,231,244,215,262,319,206,254,311,204,243,293,213,260,317,202,239,296,192,252,308,224,237,294,218,265,323,201,240,297,278,253,193,287,307,194,250,306,220,270,327,191,277,309,198,245,301,214,261,318,225,272,329,203,235,292,221,267,325,281,285,196,247,303,219,266,324,228,275,333,199,242,299,217,264,322,230,276,334,223,238,295,210,258,315,178,233,336,283,284,209,257,314,211,271,328,205,249,305,222,269,326,207,255,312,208,256,313,197,246,302,200,241,298,216,263,321,286",
19,"Jun 23, 2023 8:05:43 am","Jun 23, 2023 8:14:07 am",Complete,,,English,https://app.prolific.co/,1687521943_64958a97af5910.67965184,,,"By checking this box, I confirm that I agree to the above and consent to take part in this study",6120ad8c2f493a7f2d524aa3,2002,Female,,38,Fault-X,I'm neutral about it,Fault-B,I'm neutral about it,Fault-B,I'm neutral about it,Fault-B,I'm neutral about it,Fault-A,I'm neutral about it,Fault-A,I'm neutral about it,Fault-A,I'm neutral about it,Fault-A,I'm neutral about it,Fault-A,I'm neutral about it,Fault-B,I'm neutral about it,Fault-B,I'm neutral about it,Fault-B,I'm neutral about it,Fault-A,I'm neutral about it,Fault-B,I'm neutral about it,Fault-A,I'm neutral about it,Don't Know,I'm neutral about it,Fault-A,I'm neutral about it,Fault-A,I'm neutral about it,Fault-A,I'm neutral about it,Fault-A,I'm neutral about it,Fault-A,I'm neutral about it,Fault-B,I'm neutral about it,Fault-A,I'm neutral about it,Fault-A,I'm neutral about it,Fault-A,I'm neutral about it,Fault-A,I'm neutral about it,Fault-A,I'm neutral about it,Fault-A,I'm neutral about it,Fault-B,I'm neutral about it,Fault-B,I'm neutral about it,Fault-A,I'm neutral about it,Fault-A,I'm neutral about it,Fault-B,I'm neutral about it,Fault-B,I'm neutral about it,Fault-B,I'm neutral about it,Don't Know,I agree strongly,Fault-A,I'm neutral about it,Fault-A,I'm neutral about it,Fault-A,I'm neutral about it,Fault-B,I'm neutral about it,Fault-A,I'm neutral about it,Fault-A,I'm neutral about it,Fault-A,I'm neutral about it,Fault-A,I'm neutral about it,Fault-A,I'm neutral about it,"1,39,38,37,36,43,176,337,335,202,239,296,207,255,312,218,265,323,220,270,327,231,244,208,256,313,178,233,336,193,287,307,194,250,306,192,252,308,219,266,324,206,254,311,225,272,329,224,237,294,278,253,214,261,318,191,277,309,201,240,297,199,242,299,200,241,298,197,246,302,203,235,292,223,238,295,230,276,334,281,285,213,260,317,198,245,301,216,263,321,221,267,325,196,247,303,210,258,315,228,275,333,204,243,293,212,259,316,283,284,205,249,305,226,273,331,195,248,304,227,274,332,215,262,319,222,269,326,211,271,328,217,264,322,209,257,314,286",
20,"Jun 23, 2023 8:05:12 am","Jun 23, 2023 8:28:50 am",Complete,,,English,https://app.prolific.co/,1687521912_64958a786b6124.81926994,,,"By checking this box, I confirm that I agree to the above and consent to take part in this study",616ab9c872313a185ac8155d,250394,Female,,29,Fault-X,I'm neutral about it,Fault-A,I'm neutral about it,Fault-B,I agree somewhat,Fault-A,I agree somewhat,Fault-B,I agree somewhat,Don't Know,,Fault-B,I'm neutral about it,Fault-A,I'm neutral about it,Fault-B,I'm neutral about it,Fault-A,I'm neutral about it,Fault-A,I agree strongly,Fault-A,I'm neutral about it,Fault-B,I'm neutral about it,Fault-B,I agree somewhat,Fault-A,I agree somewhat,Don't Know,,Fault-A,I'm neutral about it,Fault-A,I agree somewhat,Fault-B,I'm neutral about it,Fault-B,I'm neutral about it,Fault-B,I agree somewhat,Fault-B,I'm neutral about it,Fault-B,I agree somewhat,Fault-B,I agree strongly,Fault-B,I agree strongly,Don't Know,,Fault-B,I agree strongly,Fault-B,I agree somewhat,Fault-A,I agree somewhat,Fault-B,I agree somewhat,Fault-B,I agree somewhat,Fault-B,I agree strongly,Fault-A,I'm neutral about it,Fault-A,I'm neutral about it,Fault-A,I agree strongly,Don't Know,,Fault-A,I'm neutral about it,Fault-A,I agree strongly,Fault-A,I'm neutral about it,Fault-A,I agree somewhat,Fault-A,I agree somewhat,Fault-B,I'm neutral about it,Fault-B,I'm neutral about it,Fault-A,I agree strongly,Fault-B,I'm neutral about it,"1,39,38,37,36,43,176,337,335,201,240,297,219,266,324,215,262,319,228,275,333,231,244,203,235,292,198,245,301,178,233,336,225,272,329,212,259,316,214,261,318,204,243,293,208,256,313,209,257,314,278,253,224,237,294,216,263,321,217,264,322,191,277,309,213,260,317,206,254,311,202,239,296,196,247,303,221,267,325,281,285,197,246,302,222,269,326,192,252,308,207,255,312,210,258,315,194,250,306,193,287,307,227,274,332,223,238,295,283,284,195,248,304,199,242,299,200,241,298,230,276,334,220,270,327,226,273,331,218,265,323,205,249,305,211,271,328,286",
21,"Jun 23, 2023 8:06:24 am","Jun 23, 2023 8:22:40 am",Complete,,,English,https://app.prolific.co/,1687521984_64958ac0aa90b7.11103815,,,"By checking this box, I confirm that I agree to the above and consent to take part in this study",614744c256db5c0113135506,9292,Female,,30,Fault-X,I agree strongly,Fault-A,I agree somewhat,Fault-A,I agree somewhat,Fault-A,I agree somewhat,Fault-B,I agree somewhat,Fault-B,I agree somewhat,Fault-B,I agree somewhat,Fault-B,I agree somewhat,Fault-A,I agree strongly,Fault-B,I agree somewhat,Fault-B,I agree somewhat,Fault-A,I agree somewhat,Fault-A,I'm neutral about it,Fault-A,I agree strongly,Fault-B,I'm neutral about it,Don't Know,I agree strongly,Fault-A,I agree strongly,Fault-A,I agree somewhat,Fault-A,I agree strongly,Fault-B,I agree somewhat,Fault-A,I'm neutral about it,Fault-A,I agree strongly,Fault-A,I'm neutral about it,Fault-A,I agree somewhat,Fault-B,I agree strongly,Don't Know,I agree strongly,Fault-A,I agree somewhat,Fault-A,I agree strongly,Fault-B,I agree strongly,Fault-A,I agree somewhat,Fault-A,I agree somewhat,Fault-B,I agree somewhat,Fault-A,I agree somewhat,Fault-A,I'm neutral about it,Fault-B,I'm neutral about it,Don't Know,I agree strongly,Fault-A,I agree strongly,Fault-A,I agree somewhat,Fault-B,I agree somewhat,Fault-B,I agree somewhat,Fault-A,I'm neutral about it,Fault-A,I agree strongly,Fault-B,I'm neutral about it,Fault-B,I agree somewhat,Fault-B,I agree somewhat,"1,39,38,37,36,43,176,337,335,212,259,316,220,270,327,195,248,304,222,269,326,231,244,227,274,332,207,255,312,228,275,333,203,235,292,196,247,303,217,264,322,219,266,324,205,249,305,204,243,293,278,253,199,242,299,223,238,295,178,233,336,206,254,311,200,241,298,192,252,308,202,239,296,225,272,329,230,276,334,281,285,215,262,319,193,287,307,214,261,318,213,260,317,210,258,315,226,273,331,198,245,301,209,257,314,197,246,302,283,284,211,271,328,224,237,294,191,277,309,221,267,325,208,256,313,216,263,321,194,250,306,201,240,297,218,265,323,286",
22,"Jun 23, 2023 8:06:04 am","Jun 23, 2023 8:25:10 am",Complete,,,English,https://app.prolific.co/,1687521964_64958aac635060.67242327,,,"By checking this box, I confirm that I agree to the above and consent to take part in this study",645be121a46b65188b41cdc3,54961,Other (specify),genderfluid,22,Fault-X,I agree strongly,Fault-A,I agree strongly,Fault-B,I agree strongly,Fault-A,I agree strongly,Fault-A,I agree strongly,Fault-A,I agree somewhat,Don't Know,I agree somewhat,Fault-B,I disagree somewhat,Fault-B,I agree strongly,Fault-A,I agree strongly,Fault-B,I agree somewhat,Fault-B,I agree strongly,Fault-B,I agree strongly,Fault-B,I agree somewhat,Fault-B,I agree strongly,Don't Know,I agree strongly,Don't Know,I'm neutral about it,Fault-A,I agree strongly,Fault-A,I agree strongly,Fault-A,I agree strongly,Fault-B,I agree strongly,Fault-A,I agree strongly,Fault-B,I agree strongly,Fault-A,I agree strongly,Fault-B,I agree strongly,Don't Know,,Fault-B,I agree strongly,Fault-A,I agree strongly,Fault-B,I agree strongly,Fault-A,I agree somewhat,Fault-B,I agree strongly,Fault-B,I agree strongly,Fault-A,I disagree somewhat,Fault-B,I agree strongly,Fault-B,I agree strongly,Don't Know,,Fault-B,I agree strongly,Fault-A,I agree strongly,Fault-A,I agree strongly,Fault-B,I agree somewhat,Fault-A,I agree strongly,Fault-A,I agree strongly,Fault-A,I agree strongly,Fault-A,I agree strongly,Fault-A,I agree somewhat,"1,39,38,37,36,43,176,337,335,205,249,305,230,276,334,199,242,299,178,233,336,231,244,196,247,303,224,237,294,221,267,325,225,272,329,204,243,293,218,265,323,220,270,327,223,238,295,211,271,328,278,253,212,259,316,191,277,309,200,241,298,227,274,332,228,275,333,210,258,315,203,235,292,208,256,313,193,287,307,281,285,206,254,311,202,239,296,215,262,319,222,269,326,213,260,317,217,264,322,216,263,321,198,245,301,226,273,331,283,284,201,240,297,214,261,318,197,246,302,195,248,304,209,257,314,219,266,324,192,252,308,194,250,306,207,255,312,286",
23,"Jun 23, 2023 8:07:21 am","Jun 23, 2023 8:21:29 am",Complete,,,English,https://app.prolific.co/,1687522041_64958af9249e97.17624987,,,"By checking this box, I confirm that I agree to the above and consent to take part in this study",6401d4d5fa93f44d614de079,6401d4d5fa93f44d614de079,Female,,59,Fault-X,I agree strongly,Fault-A,I disagree strongly,Fault-B,I disagree strongly,Fault-A,I disagree strongly,Fault-B,I disagree somewhat,Fault-B,I agree somewhat,Fault-A,I disagree strongly,Don't Know,I'm neutral about it,Don't Know,I'm neutral about it,Fault-A,I disagree somewhat,Fault-A,I disagree strongly,Don't Know,I'm neutral about it,Fault-B,I disagree strongly,Don't Know,I'm neutral about it,Fault-A,I disagree strongly,Don't Know,I'm neutral about it,Fault-A,I disagree strongly,Fault-A,I disagree strongly,Fault-A,I disagree somewhat,Fault-A,I agree somewhat,Don't Know,I'm neutral about it,Fault-A,I disagree somewhat,Don't Know,I disagree strongly,Fault-A,I disagree strongly,Fault-A,I disagree strongly,Don't Know,I'm neutral about it,Fault-B,I agree somewhat,Fault-A,I disagree somewhat,Fault-B,I disagree strongly,Fault-A,I disagree somewhat,Fault-B,I disagree strongly,Fault-A,I disagree strongly,Fault-A,I disagree strongly,Fault-B,I disagree strongly,Fault-B,I disagree strongly,Don't Know,I'm neutral about it,Fault-B,I agree somewhat,Fault-A,I disagree somewhat,Fault-B,I disagree strongly,Fault-B,I disagree strongly,Fault-A,I disagree strongly,Fault-A,I disagree somewhat,Fault-A,I agree somewhat,Fault-A,I disagree strongly,Fault-A,I disagree somewhat,"1,39,38,37,36,43,176,337,335,207,255,312,198,245,301,210,258,315,206,254,311,231,244,200,241,298,223,238,295,201,240,297,202,239,296,212,259,316,227,274,332,214,261,318,192,252,308,230,276,334,278,253,191,277,309,221,267,325,224,237,294,196,247,303,226,273,331,222,269,326,178,233,336,195,248,304,193,287,307,281,285,225,272,329,199,242,299,203,235,292,197,246,302,220,270,327,228,275,333,216,263,321,204,243,293,217,264,322,283,284,194,250,306,209,257,314,215,262,319,218,265,323,211,271,328,205,249,305,213,260,317,219,266,324,208,256,313,286",
24,"Jun 23, 2023 8:07:16 am","Jun 23, 2023 8:23:38 am",Complete,,,English,https://app.prolific.co/,1687522036_64958af4dc8271.12871788,,,"By checking this box, I confirm that I agree to the above and consent to take part in this study",62e416f154e4c9e7f39d5cf7,1252,Male,,28,Fault-X,I'm neutral about it,Fault-A,I agree strongly,Don't Know,I'm neutral about it,Fault-B,I'm neutral about it,Fault-A,I'm neutral about it,Don't Know,,Fault-A,I agree strongly,Fault-B,I agree somewhat,Fault-B,I'm neutral about it,Fault-A,I disagree somewhat,Don't Know,I'm neutral about it,Fault-B,I agree somewhat,Fault-B,I agree strongly,Fault-B,I agree strongly,Fault-A,I'm neutral about it,Don't Know,,Fault-A,I agree somewhat,Don't Know,I'm neutral about it,Fault-A,I agree somewhat,Fault-A,I disagree somewhat,Fault-A,I agree somewhat,Fault-B,I'm neutral about it,Fault-A,I disagree somewhat,Don't Know,I'm neutral about it,Fault-B,I'm neutral about it,Fault-A,I'm neutral about it,Don't Know,I'm neutral about it,Fault-A,I agree strongly,Fault-B,I'm neutral about it,Fault-A,I'm neutral about it,Fault-B,I agree strongly,Fault-B,I'm neutral about it,Fault-A,I'm neutral about it,Fault-A,I disagree somewhat,Fault-B,I disagree somewhat,Don't Know,,Don't Know,I'm neutral about it,Fault-A,I'm neutral about it,Fault-B,I'm neutral about it,Fault-B,I agree somewhat,Fault-A,I'm neutral about it,Fault-A,I'm neutral about it,Fault-B,I'm neutral about it,Fault-A,I'm neutral about it,Don't Know,I'm neutral about it,"1,39,38,37,36,43,176,337,335,227,274,332,215,262,319,216,263,321,195,248,304,231,244,212,259,316,197,246,302,205,249,305,178,233,336,191,277,309,225,272,329,202,239,296,194,250,306,224,237,294,278,253,201,240,297,196,247,303,214,261,318,221,267,325,209,257,314,207,255,312,226,273,331,211,271,328,199,242,299,281,285,204,243,293,228,275,333,203,235,292,193,287,307,213,260,317,210,258,315,192,252,308,220,270,327,217,264,322,283,284,219,266,324,222,269,326,218,265,323,230,276,334,198,245,301,206,254,311,200,241,298,223,238,295,208,256,313,286",
26,"Jun 23, 2023 8:07:42 am","Jun 23, 2023 8:21:49 am",Complete,,,English,https://app.prolific.co/,1687522062_64958b0e4a2677.17777825,,,"By checking this box, I confirm that I agree to the above and consent to take part in this study",60205d8a88ba9165dda2b151,1818,Female,,35,Fault-Y,I'm neutral about it,Fault-A,I agree strongly,Fault-B,I agree strongly,Fault-B,I agree somewhat,Fault-A,I'm neutral about it,Don't Know,,Fault-B,I'm neutral about it,Fault-A,I agree strongly,Fault-B,I agree somewhat,Fault-A,I agree somewhat,Fault-B,I agree somewhat,Fault-B,I'm neutral about it,Fault-A,I disagree somewhat,Fault-A,I'm neutral about it,Fault-B,I'm neutral about it,Don't Know,,Fault-A,I'm neutral about it,Fault-A,I agree somewhat,Fault-A,I'm neutral about it,Fault-A,I agree strongly,Fault-B,I'm neutral about it,Fault-A,I'm neutral about it,Fault-B,I agree somewhat,Fault-A,I'm neutral about it,Fault-B,I agree strongly,Don't Know,,Fault-B,I agree strongly,Fault-A,I agree strongly,Fault-B,I'm neutral about it,Fault-B,I'm neutral about it,Fault-B,I agree somewhat,Fault-B,I'm neutral about it,Fault-A,I'm neutral about it,Fault-B,I agree strongly,Fault-B,I agree strongly,Don't Know,,Fault-B,I agree strongly,Fault-A,I agree somewhat,Fault-A,I'm neutral about it,Fault-B,I disagree somewhat,Fault-A,I agree strongly,Fault-A,I agree somewhat,Fault-A,I agree somewhat,Fault-B,I'm neutral about it,Fault-A,I'm neutral about it,"1,39,38,37,36,43,176,337,335,206,254,311,228,275,333,198,245,301,204,243,293,231,244,196,247,303,214,261,318,197,246,302,191,277,309,211,271,328,224,237,294,220,270,327,223,238,295,205,249,305,278,253,195,248,304,193,287,307,208,256,313,226,273,331,200,241,298,222,269,326,215,262,319,194,250,306,213,260,317,281,285,207,255,312,192,252,308,209,257,314,202,239,296,210,258,315,178,233,336,225,272,329,219,266,324,218,265,323,283,284,217,264,322,216,263,321,201,240,297,199,242,299,221,267,325,212,259,316,203,235,292,230,276,334,227,274,332,286",
27,"Jun 23, 2023 8:07:43 am","Jun 23, 2023 8:25:51 am",Complete,,,English,https://app.prolific.co/,1687522063_64958b0f7dfb61.26789440,,,"By checking this box, I confirm that I agree to the above and consent to take part in this study",643ff216b732bb345c8403e2,SF3007,Female,,42,Fault-X,I'm neutral about it,Fault-B,I'm neutral about it,Fault-B,I agree strongly,Fault-A,I agree somewhat,Fault-A,I agree strongly,Don't Know,I'm neutral about it,Fault-A,I agree strongly,Fault-B,I'm neutral about it,Fault-B,I agree strongly,Fault-A,I agree strongly,Fault-B,I'm neutral about it,Fault-A,I agree somewhat,Fault-A,I'm neutral about it,Fault-A,I'm neutral about it,Fault-B,I'm neutral about it,Don't Know,I agree strongly,Fault-B,I'm neutral about it,Fault-A,I'm neutral about it,Fault-A,I'm neutral about it,Fault-B,I agree somewhat,Fault-A,I agree strongly,Fault-A,I'm neutral about it,Fault-B,I agree somewhat,Fault-A,I agree strongly,Fault-A,I agree somewhat,Don't Know,I agree strongly,Don't Know,I'm neutral about it,Fault-A,I agree strongly,Fault-A,I agree somewhat,Don't Know,I'm neutral about it,Fault-A,I agree strongly,Fault-B,I agree strongly,Fault-B,I agree strongly,Fault-A,I agree somewhat,Fault-A,I'm neutral about it,Don't Know,I agree strongly,Fault-B,I agree strongly,Fault-A,I agree strongly,Fault-A,I'm neutral about it,Fault-B,I agree somewhat,Fault-B,I agree strongly,Fault-B,I'm neutral about it,Fault-A,I agree strongly,Fault-B,I'm neutral about it,Fault-B,I'm neutral about it,"1,39,38,37,36,43,176,337,335,210,258,315,194,250,306,196,247,303,195,248,304,231,244,214,261,318,197,246,302,230,276,334,226,273,331,206,254,311,219,266,324,202,239,296,220,270,327,224,237,294,278,253,199,242,299,203,235,292,218,265,323,228,275,333,193,287,307,205,249,305,204,243,293,198,245,301,225,272,329,281,285,178,233,336,223,238,295,192,252,308,212,259,316,222,269,326,208,256,313,217,264,322,191,277,309,216,263,321,283,284,215,262,319,221,267,325,207,255,312,211,271,328,209,257,314,227,274,332,200,241,298,213,260,317,201,240,297,286",
28,"Jun 23, 2023 8:08:13 am","Jun 23, 2023 8:18:36 am",Complete,,,English,https://app.prolific.co/,1687522093_64958b2d4c2489.19889991,,,"By checking this box, I confirm that I agree to the above and consent to take part in this study",5afefe720d501200018bba23,gg44woo,Female,,29,Fault-X,I agree somewhat,Fault-A,I'm neutral about it,Fault-B,I agree somewhat,Don't Know,I'm neutral about it,Fault-A,I agree strongly,Don't Know,,Fault-A,I agree strongly,Fault-B,I agree somewhat,Fault-A,I'm neutral about it,Fault-B,I'm neutral about it,Fault-B,I agree somewhat,Fault-B,I agree somewhat,Fault-B,I agree somewhat,Fault-B,I agree strongly,Fault-B,I agree strongly,Don't Know,,Fault-A,I agree strongly,Fault-A,I agree somewhat,Fault-B,I agree somewhat,Fault-A,I agree somewhat,Fault-B,I agree strongly,Fault-A,I agree strongly,Fault-B,I agree somewhat,Fault-A,I agree strongly,Fault-B,I agree somewhat,Don't Know,,Fault-B,I agree somewhat,Fault-A,I agree strongly,Fault-B,I agree strongly,Fault-B,I'm neutral about it,Fault-B,I'm neutral about it,Fault-B,I agree strongly,Fault-A,I agree strongly,Fault-B,I agree strongly,Fault-A,I agree somewhat,Don't Know,,Fault-B,I agree somewhat,Fault-B,I agree somewhat,Fault-B,I agree strongly,Fault-B,I agree strongly,Fault-A,I agree somewhat,Fault-A,I agree somewhat,Fault-A,I agree strongly,Fault-A,I agree strongly,Fault-B,I agree somewhat,"1,39,38,37,36,43,176,337,335,204,243,293,193,287,307,178,233,336,215,262,319,231,244,197,246,302,192,252,308,214,261,318,210,258,315,200,241,298,226,273,331,220,270,327,201,240,297,230,276,334,278,253,199,242,299,205,249,305,203,235,292,213,260,317,208,256,313,194,250,306,222,269,326,225,272,329,227,274,332,281,285,206,254,311,196,247,303,202,239,296,217,264,322,224,237,294,212,259,316,216,263,321,211,271,328,191,277,309,283,284,195,248,304,228,275,333,223,238,295,218,265,323,219,266,324,198,245,301,209,257,314,207,255,312,221,267,325,286",
29,"Jun 23, 2023 8:09:09 am","Jun 23, 2023 8:19:57 am",Complete,,,English,https://app.prolific.co/,1687522149_64958b65cc3174.70850889,,,"By checking this box, I confirm that I agree to the above and consent to take part in this study",611835b51da9e47cd01c3b03,POOLD,Male,,25,Fault-X,I agree strongly,Fault-A,I agree somewhat,Fault-B,I'm neutral about it,Fault-A,I agree somewhat,Fault-A,I agree strongly,Don't Know,I disagree somewhat,Fault-B,I agree strongly,Fault-B,I agree somewhat,Fault-B,I agree somewhat,Fault-A,I'm neutral about it,Fault-B,I agree somewhat,Fault-B,I agree somewhat,Fault-B,I agree strongly,Fault-B,I agree somewhat,Fault-B,I agree somewhat,Don't Know,,Fault-A,I agree strongly,Fault-A,I agree strongly,Fault-A,I agree somewhat,Fault-A,I'm neutral about it,Fault-B,I disagree somewhat,Fault-B,I agree somewhat,Fault-A,I agree somewhat,Fault-A,I agree somewhat,Fault-B,I agree somewhat,Don't Know,,Fault-A,I'm neutral about it,Fault-A,I'm neutral about it,Fault-B,I agree somewhat,Fault-A,I'm neutral about it,Fault-B,I agree somewhat,Fault-B,I agree somewhat,Fault-B,I agree strongly,Fault-A,I agree somewhat,Fault-A,I disagree somewhat,Don't Know,,Fault-B,I agree somewhat,Fault-A,I'm neutral about it,Fault-B,I agree somewhat,Fault-B,I agree somewhat,Fault-A,I agree strongly,Fault-A,I agree somewhat,Fault-A,I agree strongly,Don't Know,I'm neutral about it,Fault-B,I agree somewhat,"1,39,38,37,36,43,176,337,335,228,275,333,192,252,308,203,235,292,178,233,336,231,244,213,260,317,219,266,324,202,239,296,204,243,293,222,269,326,212,259,316,220,270,327,226,273,331,191,277,309,278,253,199,242,299,210,258,315,215,262,319,200,241,298,218,265,323,195,248,304,206,254,311,227,274,332,197,246,302,281,285,217,264,322,198,245,301,223,238,295,230,276,334,193,287,307,211,271,328,194,250,306,207,255,312,201,240,297,283,284,214,261,318,225,272,329,209,257,314,216,263,321,205,249,305,196,247,303,208,256,313,224,237,294,221,267,325,286",
31,"Jun 23, 2023 8:09:54 am","Jun 23, 2023 8:21:36 am",Complete,,,English,https://app.prolific.co/,1687522194_64958b92487653.35667076,,,"By checking this box, I confirm that I agree to the above and consent to take part in this study",64146bc4813ad1681f11ba15,1025,Female,,51,Fault-X,I agree somewhat,Don't Know,I agree somewhat,Fault-B,I agree somewhat,Fault-B,I'm neutral about it,Fault-A,I'm neutral about it,Fault-B,I agree somewhat,Fault-A,I'm neutral about it,Fault-A,I agree somewhat,Fault-B,I agree somewhat,Fault-A,I agree somewhat,Fault-A,I'm neutral about it,Fault-B,I agree somewhat,Fault-A,I agree somewhat,Fault-A,I'm neutral about it,Fault-B,I agree somewhat,Don't Know,I agree strongly,Fault-A,I'm neutral about it,Fault-A,I'm neutral about it,Fault-A,I'm neutral about it,Fault-B,I'm neutral about it,Fault-A,I'm neutral about it,Fault-A,I agree somewhat,Fault-A,I'm neutral about it,Fault-A,I'm neutral about it,Fault-B,I agree somewhat,Don't Know,I agree strongly,Fault-B,I agree somewhat,Fault-A,I agree somewhat,Fault-A,I agree somewhat,Fault-A,I'm neutral about it,Fault-B,I'm neutral about it,Fault-A,I'm neutral about it,Fault-A,I'm neutral about it,Fault-B,I agree somewhat,Fault-A,I'm neutral about it,Don't Know,I agree strongly,Fault-B,I'm neutral about it,Fault-A,I agree somewhat,Fault-A,I agree somewhat,Fault-A,I agree somewhat,Fault-A,I'm neutral about it,Fault-A,I'm neutral about it,Fault-B,I'm neutral about it,Fault-B,I agree somewhat,Fault-A,I agree somewhat,"1,39,38,37,36,43,176,337,335,202,239,296,211,271,328,228,275,333,197,246,302,231,244,178,233,336,223,238,295,216,263,321,227,274,332,205,249,305,214,261,318,226,273,331,191,277,309,221,267,325,278,253,199,242,299,225,272,329,208,256,313,196,247,303,192,252,308,224,237,294,206,254,311,210,258,315,230,276,334,281,285,193,287,307,215,262,319,204,243,293,222,269,326,212,259,316,218,265,323,219,266,324,201,240,297,217,264,322,283,284,195,248,304,198,245,301,207,255,312,203,235,292,194,250,306,220,270,327,200,241,298,213,260,317,209,257,314,286",
32,"Jun 23, 2023 8:10:21 am","Jun 23, 2023 8:24:11 am",Complete,,,English,https://app.prolific.co/,1687522221_64958bad37efd2.42953916,,,"By checking this box, I confirm that I agree to the above and consent to take part in this study",5eb3e9564900991e3ddd44aa,110,Female,,35,Don't Know,I'm neutral about it,Fault-A,I'm neutral about it,Fault-B,I agree somewhat,Fault-A,I'm neutral about it,Fault-A,I agree somewhat,Fault-B,I agree somewhat,Fault-A,I'm neutral about it,Fault-B,I'm neutral about it,Fault-B,I'm neutral about it,Fault-A,I'm neutral about it,Fault-B,I agree somewhat,Fault-B,I agree somewhat,Fault-A,I'm neutral about it,Fault-A,I'm neutral about it,Fault-B,I'm neutral about it,Fault-A,,Fault-A,I agree somewhat,Fault-A,I agree somewhat,Fault-A,I'm neutral about it,Don't Know,I'm neutral about it,Fault-B,I agree somewhat,Fault-B,I'm neutral about it,Fault-B,I'm neutral about it,Fault-A,I disagree somewhat,Fault-B,I agree somewhat,Don't Know,,Fault-B,I agree somewhat,Fault-B,I'm neutral about it,Don't Know,I'm neutral about it,Fault-A,I agree somewhat,Fault-B,I'm neutral about it,Fault-B,I agree somewhat,Fault-A,I agree somewhat,Fault-B,I'm neutral about it,Fault-B,I'm neutral about it,Don't Know,,Fault-B,I agree somewhat,Fault-A,I'm neutral about it,Fault-A,I'm neutral about it,Fault-B,I'm neutral about it,Fault-B,I'm neutral about it,Fault-A,I'm neutral about it,Fault-A,I agree somewhat,Fault-A,I'm neutral about it,Fault-B,I'm neutral about it,"1,39,38,37,36,43,176,337,335,213,260,317,208,256,313,201,240,297,228,275,333,231,244,215,262,319,193,287,307,205,249,305,214,261,318,203,235,292,178,233,336,223,238,295,197,246,302,217,264,322,278,253,204,243,293,230,276,334,219,266,324,226,273,331,191,277,309,192,252,308,194,250,306,199,242,299,216,263,321,281,285,224,237,294,207,255,312,198,245,301,200,241,298,196,247,303,209,257,314,218,265,323,195,248,304,202,239,296,283,284,211,271,328,206,254,311,222,269,326,221,267,325,220,270,327,225,272,329,212,259,316,210,258,315,227,274,332,286",
33,"Jun 23, 2023 8:10:27 am","Jun 23, 2023 8:18:27 am",Complete,,,English,https://app.prolific.co/,1687522227_64958bb3139ee4.16561320,,,"By checking this box, I confirm that I agree to the above and consent to take part in this study",5ec967ac9020ae477aee23af,1234,Female,,19,Fault-X,I disagree somewhat,Don't Know,I disagree somewhat,Fault-A,I agree somewhat,Fault-A,I agree strongly,Fault-A,I agree somewhat,Don't Know,,Fault-B,I agree somewhat,Fault-B,I agree somewhat,Don't Know,I agree somewhat,Fault-B,I agree somewhat,Fault-A,I'm neutral about it,Fault-A,I'm neutral about it,Fault-A,I agree somewhat,Fault-B,I agree somewhat,Don't Know,I agree somewhat,Don't Know,,Fault-B,I agree somewhat,Fault-A,I disagree somewhat,Fault-B,I agree somewhat,Fault-A,I disagree somewhat,Fault-A,I'm neutral about it,Fault-B,I agree somewhat,Fault-B,I agree somewhat,Fault-A,I'm neutral about it,Fault-A,I agree somewhat,Fault-A,I disagree somewhat,Fault-B,I agree strongly,Fault-A,I disagree somewhat,Don't Know,I agree strongly,Don't Know,I disagree strongly,Fault-B,I agree strongly,Fault-B,I agree strongly,Fault-B,I agree strongly,Fault-A,I'm neutral about it,Fault-A,I agree strongly,Don't Know,,Fault-B,I agree strongly,Fault-B,I agree somewhat,Fault-A,I disagree somewhat,Fault-A,I disagree somewhat,Fault-A,I disagree strongly,Fault-A,I agree somewhat,Fault-A,I'm neutral about it,Fault-A,I'm neutral about it,Fault-A,I'm neutral about it,"1,39,38,37,36,43,176,337,335,198,245,301,222,269,326,205,249,305,230,276,334,231,244,200,241,298,194,250,306,228,275,333,223,238,295,220,270,327,178,233,336,214,261,318,215,262,319,192,252,308,278,253,208,256,313,202,239,296,203,235,292,217,264,322,191,277,309,197,246,302,201,240,297,204,243,293,196,247,303,281,285,227,274,332,226,273,331,224,237,294,206,254,311,209,257,314,225,272,329,195,248,304,213,260,317,221,267,325,283,284,219,266,324,193,287,307,199,242,299,210,258,315,216,263,321,212,259,316,211,271,328,207,255,312,218,265,323,286",
34,"Jun 23, 2023 8:09:57 am","Jun 23, 2023 8:32:17 am",Complete,,,English,https://app.prolific.co/,1687522196_64958b94e79fb1.57510750,,,"By checking this box, I confirm that I agree to the above and consent to take part in this study",62a9e6239265d1af95b7ae05,24348,Male,,65,Fault-X,I agree somewhat,Fault-A,I agree strongly,Fault-A,I agree strongly,Fault-A,I agree strongly,Fault-A,I agree somewhat,Fault-A,I agree strongly,Fault-A,I agree strongly,Fault-A,I agree strongly,Fault-B,I agree strongly,Fault-B,I agree strongly,Fault-B,I agree somewhat,Fault-B,I agree strongly,Fault-B,I agree strongly,Fault-B,I agree somewhat,Fault-A,I agree strongly,Fault-B,I'm neutral about it,Fault-A,I agree strongly,Fault-A,I agree somewhat,Fault-A,I agree strongly,Fault-B,I agree strongly,Fault-B,I agree strongly,Fault-B,I agree strongly,Fault-B,I agree somewhat,Fault-B,I agree strongly,Fault-A,I agree somewhat,Don't Know,I agree strongly,Fault-A,I agree strongly,Fault-A,I agree strongly,Fault-B,I agree strongly,Fault-A,I agree strongly,Fault-B,I agree strongly,Fault-B,I agree strongly,Fault-B,I agree somewhat,Fault-A,I agree somewhat,Fault-A,I agree strongly,Don't Know,I agree strongly,Fault-B,I agree strongly,Fault-B,I agree strongly,Fault-B,I agree strongly,Fault-B,I'm neutral about it,Fault-A,I agree somewhat,Fault-A,I agree strongly,Fault-A,I agree strongly,Don't Know,I agree strongly,Fault-B,I agree strongly,"1,39,38,37,36,43,176,337,335,209,257,314,204,243,293,203,235,292,191,277,309,231,244,194,250,306,221,267,325,210,258,315,227,274,332,224,237,294,215,262,319,201,240,297,178,233,336,220,270,327,278,253,225,272,329,223,238,295,230,276,334,196,247,303,199,242,299,217,264,322,208,256,313,207,255,312,192,252,308,281,285,211,271,328,212,259,316,222,269,326,197,246,302,198,245,301,195,248,304,206,254,311,213,260,317,218,265,323,283,284,202,239,296,226,273,331,216,263,321,214,261,318,205,249,305,219,266,324,200,241,298,228,275,333,193,287,307,286",
36,"Jun 23, 2023 8:10:11 am","Jun 23, 2023 8:24:20 am",Complete,,,English,https://app.prolific.co/,1687522211_64958ba3cc1946.12464668,,,"By checking this box, I confirm that I agree to the above and consent to take part in this study",63dd0296c917bf02b8a6fdb3,s2017o2020,Female,,35,Fault-X,I'm neutral about it,Fault-A,I agree strongly,Fault-B,I agree strongly,Fault-A,I agree somewhat,Fault-A,I agree somewhat,Don't Know,I agree strongly,Fault-A,I agree somewhat,Fault-A,I agree somewhat,Fault-B,I agree strongly,Fault-A,I'm neutral about it,Fault-B,I agree somewhat,Fault-A,I agree somewhat,Fault-B,I'm neutral about it,Fault-A,I agree somewhat,Fault-B,I agree strongly,Don't Know,,Fault-A,I agree somewhat,Fault-A,I agree strongly,Fault-A,I agree strongly,Fault-A,I agree somewhat,Fault-B,I agree somewhat,Don't Know,I agree somewhat,Fault-B,I agree somewhat,Fault-A,I agree strongly,Fault-B,I'm neutral about it,Don't Know,,Fault-B,I agree somewhat,Fault-A,I agree strongly,Fault-B,I agree strongly,Fault-A,I agree strongly,Fault-B,I agree strongly,Fault-B,I agree somewhat,Fault-A,I'm neutral about it,Fault-B,I'm neutral about it,Fault-B,I agree somewhat,Don't Know,,Fault-B,I agree strongly,Fault-A,I agree strongly,Fault-A,I'm neutral about it,Fault-B,I agree somewhat,Fault-A,I agree strongly,Fault-A,I agree strongly,Fault-A,I agree somewhat,Fault-A,I agree strongly,Fault-B,I agree somewhat,"1,39,38,37,36,43,176,337,335,206,254,311,217,264,322,220,270,327,198,245,301,231,244,196,247,303,199,242,299,209,257,314,202,239,296,200,241,298,224,237,294,230,276,334,191,277,309,225,272,329,278,253,218,265,323,205,249,305,227,274,332,216,263,321,223,238,295,215,262,319,213,260,317,212,259,316,201,240,297,281,285,195,248,304,228,275,333,221,267,325,204,243,293,178,233,336,192,252,308,211,271,328,194,250,306,207,255,312,283,284,219,266,324,208,256,313,214,261,318,203,203,235,292,210,258,315,193,287,307,226,273,331,222,269,326,197,246,302,286",
38,"Jun 23, 2023 8:12:18 am","Jun 23, 2023 8:35:07 am",Complete,,,English,https://app.prolific.co/,1687522338_64958c22b92e54.22272086,,,"By checking this box, I confirm that I agree to the above and consent to take part in this study",647e19f6623aca4119786c70,6c70,Male,,73,Fault-Y,I agree somewhat,Fault-B,I agree strongly,Fault-A,I agree somewhat,Fault-A,I agree somewhat,Fault-A,I'm neutral about it,Don't Know,,Fault-B,I agree somewhat,Don't Know,I agree strongly,Fault-B,I agree strongly,Fault-B,I agree somewhat,Fault-B,I agree somewhat,Don't Know,I agree somewhat,Fault-A,I agree strongly,Fault-A,I agree somewhat,Don't Know,I'm neutral about it,Fault-B,I agree strongly,Fault-B,I agree somewhat,Fault-B,I agree strongly,Fault-A,I agree somewhat,Don't Know,I agree somewhat,Don't Know,I agree strongly,Fault-A,I agree somewhat,Don't Know,I'm neutral about it,Fault-A,I agree strongly,Fault-B,I agree strongly,Fault-B,I agree strongly,Fault-B,I agree strongly,Fault-B,I agree strongly,Fault-B,I agree somewhat,Fault-A,I agree somewhat,Fault-A,I agree strongly,Fault-B,I agree strongly,Fault-A,I agree strongly,Fault-B,I agree somewhat,Fault-B,I agree strongly,Fault-B,I agree somewhat,Fault-A,I agree strongly,Fault-A,I agree strongly,Fault-A,I agree somewhat,Fault-B,I agree somewhat,Fault-B,I agree strongly,Fault-B,I agree strongly,Fault-A,I agree strongly,Fault-B,I agree strongly,Fault-A,I agree somewhat,"1,39,38,37,36,43,176,337,335,214,261,318,230,276,334,218,265,323,225,272,329,231,244,198,245,301,211,271,328,201,240,297,212,259,316,217,264,322,193,287,307,222,269,326,208,256,313,197,246,302,278,253,202,239,296,178,233,336,223,238,295,221,267,325,210,258,315,216,263,321,209,257,314,219,266,324,226,273,331,281,285,191,277,309,228,275,333,227,274,332,215,262,319,194,250,306,206,254,311,220,270,327,204,243,293,196,247,303,283,284,192,252,308,195,248,304,199,242,299,205,249,305,224,237,294,207,255,312,213,260,317,200,241,298,203,235,292,286",
39,"Jun 23, 2023 8:14:34 am","Jun 23, 2023 8:26:24 am",Complete,,,English,https://app.prolific.co/,1687522474_64958caac804f4.90908226,,,"By checking this box, I confirm that I agree to the above and consent to take part in this study",5bb8fca7b1a82f0001807c3c,9062000,Male,,23,Fault-X,I agree somewhat,Fault-A,I agree strongly,Fault-B,I agree somewhat,Fault-A,I agree somewhat,Fault-A,I'm neutral about it,Fault-A,I agree somewhat,Fault-A,I'm neutral about it,Fault-B,I agree strongly,Fault-B,I agree strongly,Fault-A,I agree somewhat,Fault-B,I agree somewhat,Fault-B,I agree somewhat,Fault-B,I agree strongly,Fault-B,I agree strongly,Fault-B,I agree somewhat,Don't Know,,Fault-A,I agree strongly,Fault-A,I agree somewhat,Fault-A,I agree strongly,Fault-A,I agree strongly,Fault-B,I agree strongly,Fault-B,I'm neutral about it,Fault-B,I agree strongly,Fault-A,I'm neutral about it,Fault-B,I agree strongly,Don't Know,,Fault-B,I agree somewhat,Fault-A,I agree strongly,Fault-A,I'm neutral about it,Fault-A,I agree strongly,Fault-B,I agree strongly,Fault-B,I agree somewhat,Fault-A,I agree somewhat,Fault-A,I'm neutral about it,Fault-A,I agree somewhat,Don't Know,,Fault-B,I agree strongly,Fault-A,I agree somewhat,Fault-B,I agree somewhat,Fault-B,I agree somewhat,Fault-A,I agree strongly,Fault-A,I agree strongly,Don't Know,I'm neutral about it,Fault-A,I agree strongly,Fault-B,I agree somewhat,"1,39,38,37,36,43,176,337,335,227,274,332,224,237,294,203,235,292,204,243,293,231,244,201,240,297,213,260,317,223,238,295,209,257,314,208,256,313,219,266,324,194,250,306,230,276,334,216,263,321,278,253,218,265,323,222,269,326,225,272,329,212,259,316,206,254,311,191,277,309,220,270,327,199,242,299,200,241,298,281,285,214,261,318,228,275,333,202,239,296,210,258,315,198,245,301,195,248,304,192,252,308,221,267,325,215,262,319,283,284,205,249,305,197,246,302,207,255,312,226,273,331,193,287,307,211,271,328,178,233,336,217,264,322,196,247,303,286",
40,"Jun 23, 2023 8:15:11 am","Jun 23, 2023 8:26:47 am",Complete,,,English,https://app.prolific.co/,1687522511_64958ccf1a8d68.94615675,,,"By checking this box, I confirm that I agree to the above and consent to take part in this study",62de61fae2250a8fb855eae6,Cpfc1001,Male,,44,Fault-X,I agree strongly,Fault-A,I agree strongly,Fault-B,I agree somewhat,Fault-A,I agree strongly,Fault-B,I agree somewhat,Fault-B,I agree somewhat,Fault-A,I agree somewhat,Fault-B,I agree somewhat,Fault-B,I agree somewhat,Fault-A,I agree strongly,Fault-B,I agree somewhat,Fault-B,I agree strongly,Fault-A,I agree strongly,Don't Know,I'm neutral about it,Fault-A,I agree somewhat,Don't Know,I'm neutral about it,Fault-A,I agree somewhat,Fault-A,I agree strongly,Fault-A,I agree somewhat,Fault-A,I agree somewhat,Fault-A,I agree somewhat,Fault-B,I agree somewhat,Fault-B,I agree somewhat,Fault-A,I agree somewhat,Fault-B,I agree somewhat,Don't Know,I'm neutral about it,Fault-A,I agree somewhat,Fault-A,I agree strongly,Fault-A,I agree somewhat,Don't Know,I'm neutral about it,Fault-B,I agree somewhat,Fault-B,I agree somewhat,Fault-B,I agree somewhat,Fault-B,I agree somewhat,Fault-A,I agree somewhat,Don't Know,I'm neutral about it,Fault-B,I agree somewhat,Fault-A,I agree somewhat,Fault-B,I agree somewhat,Fault-A,I agree somewhat,Fault-A,I agree somewhat,Fault-B,I agree somewhat,Fault-A,I agree strongly,Fault-A,I agree somewhat,Don't Know,I'm neutral about it,"1,39,38,37,36,43,176,337,335,216,263,321,202,239,296,225,272,329,215,262,319,231,244,230,276,334,203,235,292,212,259,316,221,267,325,199,242,299,214,261,318,222,269,326,219,266,324,196,247,303,278,253,193,287,307,192,252,308,205,249,305,218,265,323,223,238,295,194,250,306,178,233,336,206,254,311,198,245,301,281,285,209,257,314,217,264,322,220,270,327,227,274,332,224,237,294,207,255,312,201,240,297,208,256,313,226,273,331,283,284,200,241,298,197,246,302,213,260,317,228,275,333,204,243,293,195,248,304,210,258,315,211,271,328,191,277,309,286",
41,"Jun 23, 2023 8:10:08 am","Jun 23, 2023 8:27:38 am",Complete,,,English,https://app.prolific.co/,1687522208_64958ba01b9073.16914259,,,"By checking this box, I confirm that I agree to the above and consent to take part in this study",63792c65e92e706fdb44c08a,525,Female,,52,Fault-X,I'm neutral about it,Fault-A,I agree somewhat,Fault-B,I agree somewhat,Fault-A,I agree somewhat,Fault-A,I'm neutral about it,Don't Know,,Fault-A,I agree somewhat,Fault-B,I agree strongly,Fault-B,I agree strongly,Fault-B,I agree somewhat,Fault-B,I agree somewhat,Fault-B,I agree strongly,Fault-B,I agree somewhat,Fault-B,I agree strongly,Fault-A,I agree somewhat,Don't Know,,Fault-B,I'm neutral about it,Fault-A,I agree somewhat,Fault-A,I'm neutral about it,Fault-B,I'm neutral about it,Fault-B,I agree strongly,Don't Know,I'm neutral about it,Fault-B,I agree somewhat,Fault-A,I agree somewhat,Fault-B,I agree strongly,Don't Know,,Fault-B,I agree somewhat,Fault-B,I'm neutral about it,Fault-B,I agree somewhat,Fault-A,I'm neutral about it,Fault-B,I agree strongly,Fault-B,I agree strongly,Fault-B,I agree somewhat,Don't Know,I'm neutral about it,Fault-B,I agree somewhat,Don't Know,,Fault-B,I agree strongly,Fault-A,I agree somewhat,Fault-A,I agree somewhat,Fault-A,I agree somewhat,Fault-A,I'm neutral about it,Fault-A,I'm neutral about it,Fault-A,I agree somewhat,Fault-A,I agree somewhat,Fault-B,I agree somewhat,"1,39,38,37,36,43,176,337,335,224,237,294,217,264,322,200,241,298,214,261,318,231,244,203,235,292,199,242,299,230,276,334,204,243,293,210,258,315,228,275,333,226,273,331,211,271,328,225,272,329,278,253,208,256,313,219,266,324,223,238,295,213,260,317,221,267,325,191,277,309,195,248,304,205,249,305,207,255,312,281,285,202,239,296,218,265,323,192,252,308,178,233,336,220,270,327,197,246,302,193,287,307,212,259,316,194,250,306,283,284,206,254,311,215,262,319,222,269,326,196,247,303,209,257,314,227,274,332,216,263,321,198,245,301,201,240,297,286",
42,"Jun 23, 2023 8:07:49 am","Jun 23, 2023 8:25:38 am",Complete,,,English,https://app.prolific.co/,1687522069_64958b15cdbd21.87322215,,,"By checking this box, I confirm that I agree to the above and consent to take part in this study",64945616af6290de2234a114,Concerto,Male,,21,Fault-X,I agree strongly,Fault-A,I agree somewhat,Fault-B,I'm neutral about it,Fault-B,I'm neutral about it,Fault-A,I agree strongly,Don't Know,,Fault-A,I agree strongly,Fault-B,I'm neutral about it,Fault-B,I agree strongly,Fault-A,I agree somewhat,Fault-B,I agree somewhat,Fault-B,I agree somewhat,Don't Know,I agree strongly,Fault-B,I agree somewhat,Fault-B,I agree strongly,Don't Know,I'm neutral about it,Fault-A,I agree somewhat,Fault-A,I'm neutral about it,Fault-A,I agree strongly,Fault-A,I'm neutral about it,Fault-B,I agree somewhat,Fault-A,I'm neutral about it,Fault-A,I disagree somewhat,Fault-A,I agree somewhat,Fault-B,I agree somewhat,Don't Know,,Fault-B,I'm neutral about it,Fault-A,I agree somewhat,Fault-B,I agree strongly,Fault-A,I'm neutral about it,Fault-B,I agree somewhat,Fault-B,I agree somewhat,Fault-B,I'm neutral about it,Fault-A,I agree somewhat,Fault-A,I disagree somewhat,Don't Know,,Fault-B,I agree strongly,Fault-A,I agree somewhat,Fault-B,I agree somewhat,Fault-A,I'm neutral about it,Fault-A,I agree strongly,Fault-A,I agree somewhat,Fault-A,I agree somewhat,Fault-B,I'm neutral about it,Fault-B,I agree somewhat,"1,39,38,37,36,43,176,337,335,197,246,302,202,239,296,203,235,292,194,250,306,231,244,228,275,333,206,254,311,211,271,328,217,264,322,225,272,329,191,277,309,178,233,336,222,269,326,201,240,297,278,253,230,276,334,224,237,294,195,248,304,205,249,305,198,245,301,204,243,293,215,262,319,210,258,315,199,242,299,281,285,208,256,313,192,252,308,223,238,295,220,270,327,207,255,312,227,274,332,200,241,298,196,247,303,221,267,325,283,284,219,266,324,226,273,331,214,261,318,193,287,307,209,257,314,218,265,323,216,263,321,213,260,317,212,259,316,286",
43,"Jun 23, 2023 8:11:49 am","Jun 23, 2023 8:29:49 am",Complete,,,English,https://app.prolific.co/,1687522309_64958c05a59c31.38037272,,,"By checking this box, I confirm that I agree to the above and consent to take part in this study",5722578701ed33000838ba6d,CACG202350,Female,,50,Fault-Y,I'm neutral about it,Don't Know,I'm neutral about it,Fault-B,I'm neutral about it,Fault-A,I'm neutral about it,Fault-A,I'm neutral about it,Fault-A,I'm neutral about it,Fault-A,I'm neutral about it,Fault-B,I'm neutral about it,Fault-A,I'm neutral about it,Fault-A,I'm neutral about it,Fault-B,I'm neutral about it,Don't Know,I'm neutral about it,Fault-B,I'm neutral about it,Don't Know,I'm neutral about it,Don't Know,I'm neutral about it,Don't Know,I'm neutral about it,Fault-A,I'm neutral about it,Fault-A,I'm neutral about it,Fault-B,I'm neutral about it,Fault-A,I'm neutral about it,Fault-B,I'm neutral about it,Fault-A,I'm neutral about it,Fault-A,I'm neutral about it,Fault-A,I'm neutral about it,Fault-B,I'm neutral about it,Don't Know,I'm neutral about it,Fault-B,I'm neutral about it,Fault-A,I'm neutral about it,Fault-B,I'm neutral about it,Don't Know,I'm neutral about it,Fault-B,I'm neutral about it,Fault-B,I'm neutral about it,Don't Know,I'm neutral about it,Fault-B,I'm neutral about it,Fault-B,I'm neutral about it,Don't Know,I'm neutral about it,Fault-B,I'm neutral about it,Fault-A,I'm neutral about it,Fault-A,I'm neutral about it,Fault-B,I'm neutral about it,Fault-A,I'm neutral about it,Fault-A,I'm neutral about it,Fault-A,I'm neutral about it,Fault-A,I'm neutral about it,Fault-B,I'm neutral about it,"1,39,38,37,36,43,176,337,335,197,246,302,225,272,329,222,269,326,220,270,327,231,244,193,287,307,224,237,294,201,240,297,203,235,292,198,245,301,230,276,334,218,265,323,214,261,318,213,260,317,278,253,211,271,328,196,247,303,223,238,295,219,266,324,217,264,322,205,249,305,207,255,312,202,239,296,178,233,336,281,285,210,258,315,216,263,321,195,248,304,194,250,306,191,277,309,212,259,316,215,262,319,209,257,314,192,252,308,283,284,226,273,331,204,243,293,227,274,332,228,275,333,200,241,298,221,267,325,208,256,313,206,254,311,199,242,299,286",
45,"Jun 23, 2023 8:28:16 am","Jun 23, 2023 8:55:43 am",Complete,,,English,https://app.prolific.co/,1687523296_64958fe0c7af44.82489827,,,"By checking this box, I confirm that I agree to the above and consent to take part in this study",60f6f802c0ede08f7cf69720,Hogshead,Female,,60,Don't Know,I agree strongly,Fault-A,I agree strongly,Fault-A,I'm neutral about it,Fault-A,I agree somewhat,Fault-A,I agree somewhat,Fault-A,I'm neutral about it,Fault-A,I agree strongly,Fault-B,I'm neutral about it,Fault-B,I agree somewhat,Fault-A,I agree somewhat,Fault-A,I agree somewhat,Fault-B,I'm neutral about it,Fault-A,I'm neutral about it,Fault-B,I'm neutral about it,Fault-B,I disagree somewhat,Fault-A,I disagree somewhat,Fault-A,I agree strongly,Fault-A,I'm neutral about it,Fault-A,I agree strongly,Fault-A,I agree somewhat,Fault-B,I agree somewhat,Fault-A,I'm neutral about it,Fault-B,I'm neutral about it,Fault-B,I'm neutral about it,Fault-B,I agree somewhat,Don't Know,I agree strongly,Fault-B,I'm neutral about it,Fault-A,I agree strongly,Fault-A,I'm neutral about it,Fault-A,I'm neutral about it,Fault-B,I agree somewhat,Fault-B,I'm neutral about it,Fault-B,I'm neutral about it,Fault-B,I'm neutral about it,Fault-A,I agree strongly,Don't Know,I agree strongly,Don't Know,I agree strongly,Fault-A,I'm neutral about it,Fault-B,I'm neutral about it,Fault-A,I'm neutral about it,Fault-B,I agree somewhat,Fault-A,I agree somewhat,Fault-A,I agree somewhat,Fault-B,I'm neutral about it,Fault-B,I'm neutral about it,"1,39,38,37,36,43,176,337,335,221,267,325,203,235,292,201,240,297,195,248,304,231,244,216,263,321,222,269,326,227,274,332,209,257,314,192,252,308,224,237,294,205,249,305,211,271,328,217,264,322,278,253,191,277,309,226,273,331,196,247,303,199,242,299,197,246,302,212,259,316,202,239,296,198,245,301,200,241,298,281,285,223,238,295,206,254,311,215,262,319,219,266,324,213,260,317,230,276,334,208,256,313,193,287,307,214,261,318,283,284,178,233,336,220,270,327,207,255,312,218,265,323,228,275,333,194,250,306,204,243,293,225,272,329,210,258,315,286",
46,"Jun 23, 2023 9:15:26 am","Jun 23, 2023 9:36:27 am",Complete,,,English,https://app.prolific.co/,1687526126_64959aee53cd09.83048092,,,"By checking this box, I confirm that I agree to the above and consent to take part in this study",634c48cd5280c359cf6f5721,C5^yQHx1emrc,Male,,54,Fault-X,I agree strongly,Fault-A,I agree somewhat,Fault-A,I disagree somewhat,Fault-A,I agree somewhat,Fault-A,I agree somewhat,Fault-B,I'm neutral about it,Fault-A,I agree somewhat,Fault-A,I'm neutral about it,Fault-A,I agree somewhat,Fault-A,I agree somewhat,Fault-A,I'm neutral about it,Fault-A,I agree strongly,Fault-A,I'm neutral about it,Fault-A,I agree somewhat,Fault-B,I'm neutral about it,Don't Know,I agree somewhat,Fault-A,I agree somewhat,Fault-A,I agree somewhat,Fault-A,I agree somewhat,Fault-B,I disagree strongly,Fault-B,I agree somewhat,Fault-A,I agree strongly,Fault-A,I disagree strongly,Fault-A,I agree somewhat,Fault-B,I agree somewhat,Don't Know,I agree strongly,Fault-B,I agree somewhat,Fault-A,I agree strongly,Fault-A,I agree somewhat,Fault-A,I agree somewhat,Fault-B,I agree somewhat,Fault-B,I'm neutral about it,Fault-B,I'm neutral about it,Fault-A,I disagree somewhat,Fault-B,I'm neutral about it,Don't Know,I agree strongly,Fault-B,I agree somewhat,Fault-A,I agree somewhat,Fault-A,I agree somewhat,Fault-A,I agree somewhat,Fault-B,I'm neutral about it,Fault-A,I agree somewhat,Fault-A,I agree somewhat,Fault-A,I agree somewhat,Fault-A,I'm neutral about it,"1,39,38,37,36,43,176,337,335,207,255,312,220,270,327,213,260,317,191,277,309,231,244,217,264,322,202,239,296,195,248,304,197,246,302,222,269,326,205,249,305,221,267,325,193,287,307,218,265,323,278,253,225,272,329,224,237,294,196,247,303,203,235,292,194,250,306,199,242,299,214,261,318,192,252,308,201,240,297,281,285,223,238,295,227,274,332,204,243,293,178,233,336,228,275,333,226,273,331,210,258,315,209,257,314,215,262,319,283,284,200,241,298,206,254,311,211,271,328,208,256,313,198,245,301,216,263,321,212,259,316,230,276,334,219,266,324,286",
